Country,Year,GDP,Population,Urban_Population,Electricity_Access,Urban_Electricity_Acess,Brightness,UPC,EAC,BC,int_B_UP,int_B_EA,int_UP_EA,int_ALL
Afghanis,2019,23.65709316,17.44930327,16.09272307,4.592084946,4.610157727,11.51811767,0.4770080700000019,0.2001689459999998,-0.6983273299999997,-0.3331077719115543,-0.13978344560909398,0.0954822026053945,-0.06667783160794416
Afghanis,2020,23.71679213,17.48083936,16.13476524,4.592084946,4.610157727,11.58213008,0.5190502400000003,0.2001689459999998,-0.6343149199999996,-0.32924131146158075,-0.1269701489684741,0.103897739461847,-0.06590388629492228
Afghanis,2021,23.38072393,17.50440034,16.1693313,4.592084946,4.610157727,11.49768841,0.5536162999999998,0.2001689459999998,-0.7187565899999999,-0.39791536395641686,-0.14387274905085398,0.11081679125941965,-0.07965029900036226
Afghanis,2022,23.39722439,17.51875738,16.19509984,4.457829598,4.573679519,11.295876,0.5793848400000012,0.06591359799999985,-0.9205690000000004,-0.5333637227739614,-0.06067801499726189,0.03818933943105431,-0.035155922010706254
Afghanis,2023,23.57009498,17.54011332,16.22829552,4.457829598,4.574710979,11.47959729,0.6125805199999999,0.06591359799999985,-0.736847710000001,-0.45137855335260973,-0.04856828374416054,0.04037738613791086,-0.029751984511505403
Albania,2019,23.4695815,14.86429935,14.37375054,4.615120517,4.615120517,11.55996611,-1.2419644600000002,0.2232045170000001,-0.6564788900000007,0.8153234501202504,-0.14652905356314636,-0.277212077425466,0.18198387688286416
Albania,2020,23.4472851,14.85855728,14.38232665,4.615120517,4.615120517,11.63811069,-1.2333883500000002,0.2232045170000001,-0.5783343100000007,0.7133108003592895,-0.1290868303280785,-0.2752978509351771,0.1592141926650787
Albania,2021,23.61541438,14.8492881,14.38676069,4.615120517,4.615120517,11.76321186,-1.2289543100000007,0.2232045170000001,-0.45323314000000003,0.5570028208378337,-0.10116368410209343,-0.27430815317861856,0.12432554559274628
Albania,2022,23.66861191,14.8371302,14.38769785,4.615120517,4.615120517,11.7724852,-1.2280171499999994,0.2232045170000001,-0.4439598,0.5451902483105697,-0.09909383272641666,-0.27409897483346657,0.12168892604727086
Albania,2023,23.8822719,14.82564603,14.38873673,4.615120517,4.615120517,11.86323126,-1.22697827,0.2232045170000001,-0.35321374000000105,0.4333855836454311,-0.07883890223446385,-0.2738670921248457,0.0967336198723416
Algeria,2019,25.98833486,17.58353725,17.2714122,4.610157727,4.613138356,15.07260634,1.6556972000000005,0.21824172699999966,2.85616134,4.72893833338625,0.6233335834322332,0.361342216317064,1.0320516687547152
Algeria,2020,25.82844384,17.60065637,17.29593665,4.6121458,4.614129927,15.03947994,1.6802216500000018,0.22022980000000025,2.8230349399999994,4.743324424894455,0.6217164202292126,0.3700348779351708,1.0446213894296221
Algeria,2021,25.95025478,17.61685002,17.31926576,4.613138356,4.615120517,14.97489169,1.7035507600000006,0.22122235600000018,2.7584466899999995,4.699153955168986,0.610230075662202,0.376863512692791,1.0395579091692022
Algeria,2022,26.14219981,17.63272584,17.34199913,4.615120517,4.615120517,15.04759483,1.7262841300000016,0.2232045170000001,2.8311498299999993,4.887369021181201,0.6319254303597822,0.38531441544141576,1.0908828417735132
Algeria,2023,26.23518603,17.6477156,17.36360049,4.615120517,4.615120517,15.1201924,1.7478854899999998,0.2232045170000001,2.9037474000000003,5.075417947085226,0.6481295359070062,0.3901359365667585,1.13285621145229
Angola,2019,24.98450754,17.29291663,16.88007943,3.841600541,4.293195421,12.57965324,1.2643644299999988,-0.5503154590000001,0.3632082400000005,0.4592275793389034,-0.19987910930818248,-0.6957992916387228,-0.25272003610934757
Angola,2020,24.60486182,17.32559622,16.92250331,3.871201011,4.312140507,12.49514204,1.30678831,-0.520714989,0.27869703999999906,0.36419803390360117,-0.1451217261179321,-0.6804642604669786,-0.1896433752179353
Angola,2021,24.92054492,17.35740944,16.96377412,3.895893623,4.33073334,12.55974499,1.3480591200000003,-0.49602237700000007,0.3432999900000002,0.4627886824154092,-0.17028447706387637,-0.6686674890389285,-0.2295535423003894
Angola,2022,25.37149309,17.3888397,17.0043677,3.90197267,4.346399457,12.6087403,1.3886526999999997,-0.48994333,0.3922952999999989,0.5447619275423083,-0.19220246562534846,-0.6803611280514908,-0.2669024728372973
Angola,2023,25.16385207,17.41964625,17.04405057,3.953164949,,12.56299462,1.4283355699999998,-0.4387510510000001,0.34654961999999934,0.4949891490159824,-0.15204900999865037,-0.6266837325181841,-0.21717700936435794
Argentin,2019,26.82751134,17.62158323,17.53810379,4.615120517,4.615120517,15.23495738,1.9223887900000012,0.2232045170000001,3.0185123800000007,5.802754361788225,0.673745597836421,0.4290858613581649,1.2952009845925847
Argentin,2020,26.67843072,17.62642989,17.54425408,4.615120517,4.615120517,15.20685135,1.928539080000002,0.2232045170000001,2.9904063500000007,5.767115511055165,0.6674722049854834,0.430458633867025,1.287246232128277
Argentin,2021,26.91063446,17.62908868,17.54819312,4.615120517,4.615120517,15.19930116,1.9324781200000007,0.2232045170000001,2.982856159999999,5.76430426430722,0.6657869684732748,0.4313378453876684,1.2866187491557337
Argentin,2022,27.17340456,17.63119677,17.5515798,4.615120517,4.615120517,15.26590409,1.9358647999999992,0.2232045170000001,3.049459089999999,5.903340511371028,0.6806530432947097,0.4320937676613016,1.3176522675271038
Argentin,2023,27.19418186,17.63406653,17.55570491,4.615120517,4.615120517,15.29440723,1.9399899099999995,0.2232045170000001,3.077962229999999,5.971215669561095,0.687015072891393,0.43301451084642356,1.3328023094272166
Armenia,2019,23.33475305,14.9015444,14.44297937,4.615120517,4.615120517,10.6286819,-1.17273563,0.2232045170000001,-1.5877631,1.8620263593692532,-0.3543958958459229,-0.2617598898628408,0.41561269418428276
Armenia,2020,23.2602666,14.90120679,14.44412722,4.615120517,4.615120517,10.722437,-1.1715877799999994,0.2232045170000001,-1.494008000000001,1.75036151602224,-0.33346933403413637,-0.26150368455800227,0.3906885967591321
Armenia,2021,23.35363616,14.90147689,14.44625986,4.615120517,4.614129927,10.93380518,-1.1694551400000002,0.2232045170000001,-1.28263982,1.499989730267675,-0.2862910015080671,-0.2610276696768675,0.3348044832493568
Armenia,2022,23.69437271,14.90380345,14.45082257,4.615120517,4.615120517,11.03904044,-1.16489243,0.2232045170000001,-1.1774045599999994,1.3715496589914802,-0.2628020161283975,-0.26000925219510646,0.3061360791767082
Armenia,2023,23.9048862,14.91108524,14.46071199,4.615120517,4.615120517,11.23946614,-1.1550030099999997,0.2232045170000001,-0.9769788600000009,1.1284135240063693,-0.21806609456551093,-0.25780188898059625,0.25186699560210973
Australi,2019,27.96228254,17.04769057,16.89830853,4.615120517,4.615120517,14.18453088,1.2825935300000015,0.2232045170000001,1.9680858800000003,2.52425421617236,0.4392856582599202,0.28628066937097546,0.5634249431059654
Australi,2020,27.91500691,17.06002485,16.91200037,4.615120517,4.615120517,14.19757636,1.2962853700000014,0.2232045170000001,1.9811313599999991,2.568111598016205,0.4421974683223531,0.28933674990501673,0.5732141088373054
Australi,2021,28.07361229,17.0614338,16.91481141,4.615120517,4.615120517,14.22427115,1.2990964099999989,0.2232045170000001,2.0078261499999996,2.608359743369119,0.44815586603071966,0.28996418673048385,0.5821976766809484
Australi,2022,28.15625735,17.07416079,16.92899627,4.615120517,4.615120517,14.21056735,1.3132812699999992,0.2232045170000001,1.9941223499999996,2.6188435323433823,0.44509711597065504,0.2931303115554965,0.5845377057352787
Australi,2023,28.17801896,17.09863545,16.95496137,4.615120517,4.615120517,14.34341518,1.3392463699999997,0.2232045170000001,2.126970179999999,2.8485370926632445,0.474749351700303,0.2989258391598534,0.635806345924484
Austria,2019,26.81679868,15.99930322,15.46341621,4.615120517,4.615120517,12.89543674,-0.15229878999999968,0.2232045170000001,0.678991739999999,-0.10340962042199422,0.15155402337368942,-0.03399377786163438,-0.02308149437944457
Austria,2020,26.79722608,16.00345499,15.47154194,4.615120517,4.615120517,12.89049886,-0.14417305999999996,0.2232045170000001,0.674053859999999,-0.09718040760101143,0.15045186625328547,-0.032180078221712025,-0.021691105940446893
Austria,2021,26.89802446,16.0078117,15.4800942,4.615120517,4.615120517,13.01396638,-0.13562079999999987,0.2232045170000001,0.7975213799999992,-0.10816048757270379,0.17801037442007336,-0.030271175159153587,-0.024141909387149864
Austria,2022,26.87976511,16.01737458,15.49407147,4.615120517,4.615120517,12.94854445,-0.12164353000000006,0.2232045170000001,0.7320994499999998,-0.08905516140905852,0.16340790413321568,-0.027151385359825034,-0.019877514288665955
Austria,2023,26.96097544,16.02726922,15.50857944,4.615120517,4.615120517,12.95601824,-0.10713555999999969,0.2232045170000001,0.7395732400000004,-0.07923459322841421,0.16507608782032523,-0.02391314092332446,-0.01768551911123967
Azerbaij,2019,24.59809018,16.12052111,15.54125611,4.615120517,4.615120517,12.52450058,-0.07445888999999895,0.2232045170000001,0.30805557999999955,-0.02293747654510584,0.06875939694305479,-0.0166195605788059,-0.00511974837344918
Azerbaij,2020,24.47730081,16.12736476,15.55461054,4.615120517,4.615120517,12.52104293,-0.06110445999999925,0.2232045170000001,0.3045979299999999,-0.018612292029767566,0.06798763384484982,-0.01363879148084566,-0.004154347652767221
Azerbaij,2021,24.72741964,16.13177674,15.56572034,4.615120517,4.615120517,12.58215175,-0.04999465999999941,0.2232045170000001,0.3657067499999993,-0.01828338462595475,0.08162739849738963,-0.011159033937879094,-0.0040809340345614575
Azerbaij,2022,25.09027363,16.13217182,15.573031,4.615120517,4.615120517,12.67074814,-0.0426839999999995,0.2232045170000001,0.4543031400000004,-0.01939147522775979,0.10140251293528352,-0.009527261603627893,-0.004328264862129591
Azerbaij,2023,25.00486666,16.13337424,15.58132724,4.615120517,4.615120517,12.79672023,-0.034387759999999545,0.2232045170000001,0.5802752299999998,-0.01995436534318453,0.12952005243921394,-0.007675503361511822,-0.0044539044784670445
The Baha,2019,23.28946057,12.88582045,12.70107981,4.615120517,4.615120517,9.106195588,-2.9146351900000003,0.2232045170000001,-3.110249412,9.06524238589201,-0.6942217177549943,-0.6505597398151536,2.0234030482309544
The Baha,2020,23.02166217,12.888826,12.70544392,4.615120517,4.615120517,8.989225219,-2.9102710799999993,0.2232045170000001,-3.2272197810000005,9.392084397448233,-0.7203300324709512,-0.6495856507504685,2.0963556615556698
The Baha,2021,23.15414739,12.89011349,12.7081713,4.615120517,4.615120517,9.192435425,-2.9075436999999997,0.2232045170000001,-3.024009575000001,8.79243998853093,-0.6749725965912508,-0.6489768872148931,1.9625123208915325
The Baha,2022,23.29865284,12.89304832,12.71262817,4.615120517,4.615120517,9.244655367,-2.9030868299999995,0.2232045170000001,-2.971789633,8.627363345092832,-0.6633168696593726,-0.6479820936992113,1.925666468424951
The Baha,2023,23.38621406,12.89782135,12.71899507,4.615120517,4.615120517,9.299156768,-2.8967199299999997,0.2232045170000001,-2.9172882320000006,8.450566963188864,-0.6511519107733443,-0.6465609728599241,1.8862047173947283
Banglade,2019,26.58471183,18.92092896,17.93756317,4.534747722,4.593097605,12.51619518,2.321848170000001,0.1428317219999995,0.2997501800000002,0.6959744068901713,0.04281383437920984,0.3316335723436477,0.09940722300405148
Banglade,2020,26.64746667,18.92929207,17.96635514,4.576770711,4.593097605,12.55407713,2.350640140000001,0.18485471099999984,0.33763212999999936,0.7936516373316971,0.06241288981546426,0.4345269037446994,0.14671024405362756
Banglade,2021,26.75460388,18.93744185,17.99444774,4.605170186,4.6121458,12.6650175,2.3787327399999985,0.21325418599999946,0.44857249999999915,1.0670340920136472,0.09565996334948458,0.507274714180248,0.2275494867266189
Banglade,2022,26.85477857,18.94768419,18.02414223,4.609162207,4.615120517,12.70988678,2.408427229999999,0.21724620699999964,0.4934417799999995,1.1884186193716677,0.10719835508032817,0.5232216805530155,0.2581794373866711
Banglade,2023,26.80414899,18.95990133,18.05536624,4.610157727,4.610157727,12.75503835,2.4396512400000017,0.21824172699999966,0.5385933499999993,1.3139799341832532,0.11754354285471512,0.532433699895291,0.28676525007949905
Belarus,2019,24.88853664,16.05832006,15.82315463,4.615120517,4.615120517,12.7606102,0.20743962999999965,0.2232045170000001,0.5441652000000001,0.11288142774687583,0.12146013063420849,0.04630146242080865,0.02519564455851183
Belarus,2020,24.84021556,16.05408531,15.82445828,4.615120517,4.615120517,12.69445786,0.2087432800000002,0.2232045170000001,0.47801285999999976,0.09978197227858085,0.10669462953608862,0.04659244298939583,0.022271786927748036
Belarus,2021,24.96708943,16.04580298,15.82153387,4.615120517,4.615120517,13.05489223,0.20581886999999988,0.2232045170000001,0.8384472299999999,0.17256826143322998,0.18714520900213796,0.04593970146783578,0.03851801544273384
Belarus,2022,25.0242882,16.0377607,15.81868385,4.615120517,4.615120517,12.99361908,0.20296884999999953,0.2232045170000001,0.77717408,0.15774212926740763,0.17346876515131943,0.04530356413029537,0.035208755773683306
Belarus,2023,24.9979492,16.03235245,15.81830496,4.615120517,4.615120517,13.06736223,0.20258996000000096,0.2232045170000001,0.8509172300000003,0.17238728758901167,0.18992856932912808,0.045218994170849555,0.038477621263245464
Belgium,2019,27.0087542,16.25689896,16.23711454,4.615120517,4.615120517,13.87234022,0.6213995400000005,0.2232045170000001,1.6558952199999997,1.0289725279961994,0.3696032927827088,0.13869918418972235,0.22967131611766076
Belgium,2020,26.99556621,16.26120893,16.24181198,4.615120517,4.615120517,13.86634957,0.6260969800000016,0.2232045170000001,1.6499045700000003,1.0330002685652013,0.36826615264294293,0.1397476740160591,0.2305703260059662
Belgium,2021,27.1176824,16.26532495,16.24631541,4.615120517,4.615120517,13.84347087,0.6306004100000013,0.2232045170000001,1.6270258700000007,1.0260031807026093,0.3631595234598551,0.14075285993405234,0.22900854438918974
Belgium,2022,27.10919996,16.2734066,16.25476394,4.615120517,4.615120517,13.78289406,0.6390489400000003,0.2232045170000001,1.56644906,1.001037611356997,0.3496385058424042,0.14263860999206213,0.22343611654177234
Belgium,2023,27.19217929,16.28254376,16.26426779,4.615120517,4.615120517,13.57480423,0.6485527900000019,0.2232045170000001,1.3583592299999996,0.880967668438754,0.30319191584464195,0.14475991224095291,0.19663596292648833
Belize,2019,21.59384765,12.86315214,12.08370725,4.540098189,4.600157644,9.510339635,-3.53200775,0.1481821889999999,-2.706105365000001,9.557985121496582,-0.40099661665034386,-0.5233806399599644,1.4163231577327935
Belize,2020,21.43761173,12.87598446,12.10000077,4.582924577,4.598145571,9.540349103,-3.5157142300000004,0.19100857699999985,-2.6760958969999997,9.408388425927514,-0.5111572692015081,-0.6715315722109503,1.7970828850996832
Belize,2021,21.60726062,12.88751914,12.11535441,4.592084946,4.599152114,9.56723784,-3.5003605899999997,0.2001689459999998,-2.6492071599999996,9.273180337609823,-0.5302890049528527,-0.7006634899202373,1.8562027342472802
Belize,2022,21.76942627,12.90603157,12.13807749,4.601162165,4.599152114,9.62874015,-3.477637509999999,0.2092461649999997,-2.5877048499999997,8.99909945116892,-0.5414673160143995,-0.727682312227648,1.8830270486106988
Belize,2023,21.84391681,12.9266088,12.16321212,4.611152258,4.613138356,9.767826998,-3.452502879999999,0.21923625799999957,-2.448618002,8.453860703924843,-0.5368258480299154,-0.7569138121454213,1.8533927863817248
Benin,2019,23.38991654,16.35921711,15.62234795,3.713572067,4.192680463,10.15951644,0.006632950000000193,-0.6783439330000003,-2.0569285599999994,-0.013643504292052392,1.3953050092904267,-0.004499421390392483,0.009254988361373204
Benin,2020,23.47383548,16.38584309,15.66048262,3.737669618,4.206184044,10.32933825,0.04476762000000001,-0.6542463820000002,-1.887106750000001,-0.08448127788343505,1.2346327636352794,-0.029289053415750853,0.055271570401974016
Benin,2021,23.59627007,16.41176611,15.69784477,3.761200116,4.219507705,10.5152518,0.08212976999999988,-0.6307158840000002,-1.7011932000000005,-0.13971860624156385,1.0729695729927895,-0.05180055048826662,0.08812274424689588
Benin,2022,23.5798364,16.4372402,15.73472936,4.051784948,4.278054044,10.57768742,0.11901435999999954,-0.34013105200000027,-1.63875758,-0.19503568457884807,0.5573923396583746,-0.04048047946990659,0.0663376925733438
Benin,2023,23.70266795,16.46246767,15.77131856,4.060443011,4.266896327,10.59862738,0.15560355999999942,-0.3314729889999999,-1.6178176200000003,-0.25173818110272633,0.5362628421582661,-0.05157837713224063,0.08344440733554398
Bhutan,2019,21.72964718,13.54740233,12.67062394,4.615120517,4.615120517,8.981139326,-2.9450910599999993,0.2232045170000001,-3.235305674000001,9.528269816864675,-0.7221348403125301,-0.6573576275683182,2.126752862318959
Bhutan,2020,21.62245286,13.55415488,12.69415254,4.615120517,4.615120517,8.923167545,-2.9215624600000005,0.2232045170000001,-3.293277455,9.621515782892342,-0.7350744036902646,-0.6521059377696322,2.1475657831283628
Bhutan,2021,21.74168092,13.56118976,12.71740714,4.615120517,4.615120517,8.904894222,-2.898307859999999,0.2232045170000001,-3.311550778000001,9.597893648666515,-0.7391530919244648,-0.6469154060086038,2.142293216067978
Bhutan,2022,21.78736526,13.56822159,12.74008047,4.615120517,4.615120517,9.043452076,-2.8756345299999992,0.2232045170000001,-3.1729929240000008,9.124368015700066,-0.7082263530458383,-0.6418546163371721,2.0366001558745825
Bhutan,2023,,13.57520305,12.76214789,4.615120517,4.615120517,9.365151799,-2.85356711,0.2232045170000001,-2.8512932010000007,8.136356499340222,-0.6364215217545893,-0.6369290685146362,1.8160715225750457
Bolivia,2019,24.43428154,16.27265085,15.9127278,4.565389316,4.610157727,12.84404632,0.29701280000000096,0.17347331599999993,0.6276013200000001,0.18640562533689664,0.1088720821063771,0.051523795310444945,0.032336401948245067
Bolivia,2020,24.32412915,16.28499049,15.93007114,4.587006215,4.614129927,12.84934033,0.314356140000001,0.19509021499999957,0.6328953300000002,0.1989545329628269,0.12347168600219571,0.06132780693917016,0.0388140826109424
Bolivia,2021,24.42224689,16.29518362,15.94527145,4.601162165,4.615120517,12.85078478,0.3295564500000001,0.2092461649999997,0.6343397799999995,0.2090507659905809,0.1327331662719434,0.06895842331351418,0.04374307107384142
Bolivia,2022,24.5076437,16.30682621,15.96193868,4.614129927,4.615120517,12.92400939,0.3462236799999996,0.22221392699999942,0.7075643899999999,0.2449755469427549,0.1572306617072591,0.07693572355319107,0.05443697830512227
Bolivia,2023,24.53293265,16.32055965,15.98068566,4.613138356,4.614129927,13.00416315,0.3649706600000009,0.22122235600000018,0.7877181499999999,0.28749401309947964,0.1742608650069615,0.08073966927607522,0.06360010291376181
Bosnia a,2019,23.74284201,15.02313688,14.30212545,4.615120517,4.615120517,12.04682272,-1.3135895499999997,0.2232045170000001,-0.16962228000000046,0.22281405445517455,-0.03786045907983888,-0.2931991210439974,0.04973310340547896
Bosnia a,2020,23.73023655,15.00923604,14.29629462,4.615120517,4.615120517,12.04183505,-1.3194203800000004,0.2232045170000001,-0.17460995000000068,0.23038392658078197,-0.03897372955314432,-0.29450058863785666,0.05142273305702692
Bosnia a,2021,23.88758884,14.99259756,14.28788388,4.615120517,4.615120517,12.1797172,-1.327831119999999,0.2232045170000001,-0.03672779999999953,0.04876831580913534,-0.0081978108594725,-0.29637790379716894,0.010885308375081523
Bosnia a,2022,23.9233528,14.98016118,14.28382902,4.615120517,4.615120517,12.19131538,-1.3318859799999991,0.2232045170000001,-0.02512961999999952,0.03346978856072694,-0.0056090446944934355,-0.2972829668649716,0.007470607989789184
Bosnia a,2023,24.03798924,14.97398608,14.28620457,4.615120517,4.615120517,12.2658993,-1.3295104299999991,0.2232045170000001,0.04945429999999895,-0.06575000765834757,0.01103842314507287,-0.2967527333746123,-0.014675698702127777
Botswana,2019,23.54022474,14.66227285,14.30805204,4.264087337,4.48863637,11.12438765,-1.30766296,-0.12782866299999984,-1.092057350000001,1.4280429467907574,0.13959623096982302,0.16715680783142228,-0.18254482059484245
Botswana,2020,23.42866527,14.67666694,14.3324431,4.287715955,4.517431272,11.16789639,-1.283271899999999,-0.1042000449999998,-1.048548610000001,1.3455729669970593,0.10925881234668734,0.13371698972723514,-0.14020876371187682
Botswana,2021,23.65451007,14.69157995,14.35694608,4.313480092,4.544358047,11.19817972,-1.2587689199999996,-0.07843590800000033,-1.0182652799999996,1.2817606867790967,0.07986856182167455,0.09873268320237975,-0.10053606330622247
Botswana,2022,23.73496786,14.70746474,14.38206734,4.342505877,4.569543008,11.24412035,-1.233647659999999,-0.04941012300000036,-0.9723246500000009,1.1995060292328192,0.04804268055243235,0.060954682619262575,-0.05926774044363562
Botswana,2023,23.68833705,14.7238679,14.40733351,4.343805422,4.592084946,11.38223948,-1.208381489999999,-0.04811057800000018,-0.8342055199999994,1.008038509223823,0.040134109737990684,0.058135931928401385,-0.048497315325016645
Brazil,2019,28.2587164,19.15042722,19.00914012,4.613138356,4.615120517,15.97054287,3.3934251200000016,0.22122235600000018,3.754097869999999,12.739250014996497,0.8304903754559821,0.7507014999559837,2.8182069019905627
Brazil,2020,28.02042949,19.15622073,19.01779739,4.6121458,4.614129927,15.97609363,3.4020823899999986,0.22022980000000025,3.759648629999999,12.790634396710617,0.8279866658551748,0.7492399243332225,2.816878855060703
Brazil,2021,28.14423233,19.16047434,19.02484933,4.610157727,4.613138356,16.01004797,3.4091343299999988,0.21824172699999966,3.7936029699999985,12.93290211941695,0.8279224637251276,0.7440153637541865,2.822498893663511
Brazil,2022,28.29983664,19.16407615,19.03117313,4.615120517,4.615120517,16.02525181,3.4154581299999993,0.2232045170000001,3.80880681,13.008820184813864,0.8501428843723612,0.7623456822403734,2.90362742609123
Brazil,2023,28.4074361,19.16803544,19.03779007,4.613138356,4.614129927,16.15081867,3.42207507,0.22122235600000018,3.9343736699999994,13.463722052171406,0.8703714126617671,0.7570395093942656,2.9784763129105154
Brunei,2019,23.32367406,13.0006047,12.75140114,4.615120517,4.615120517,11.02591491,-2.8643138599999993,0.2232045170000001,-1.190530090000001,3.41005183753405,-0.2657316937124169,-0.6393277916577058,0.7611389733417504
Brunei,2020,23.20865568,13.0112195,12.76595983,4.615120517,4.615120517,11.04083566,-2.84975517,0.2232045170000001,-1.1756093399999994,3.350198794565286,-0.26240131491538876,-0.6360782262881032,0.7477795037949272
Brunei,2021,23.3627871,13.02082223,12.77943917,4.615120517,4.615120517,10.62252537,-2.83627583,0.2232045170000001,-1.5939196300000003,4.5207957215315435,-0.35577006115096893,-0.6330695767139244,1.009062025480115
Brunei,2022,23.53756834,13.02886775,12.79129491,4.615120517,4.615120517,10.88713132,-2.8244200900000003,0.2232045170000001,-1.3293136800000003,3.7545402637038325,-0.29670881788589276,-0.6304233219935469,0.838030346117067
Brunei,2023,23.43983253,13.03669655,12.80286035,4.615120517,4.615120517,10.87448773,-2.8128546500000002,0.2232045170000001,-1.34195727,3.7747307470208056,-0.29953092428498873,-0.6278418635444544,0.8425369531938285
Bulgaria,2019,24.95202075,15.75795213,15.47488617,4.607168189,4.609162207,12.73903273,-0.14082883000000024,0.2152521890000001,0.5225877299999997,-0.07359541858825598,0.11248815282704096,-0.030313713931808935,-0.015841574951493395
Bulgaria,2020,24.98194931,15.75194971,15.47337285,4.6121458,4.613138356,12.78828678,-0.14234214999999928,0.22022980000000025,0.5718417799999997,-0.08139718842502655,0.12593660084104408,-0.031347983226069874,-0.017926086527405932
Bulgaria,2021,25.15904591,15.74380125,15.46969332,4.613138356,4.614129927,12.86779277,-0.1460216800000005,0.22122235600000018,0.6513477699999992,-0.0951108956396538,0.14409268825474605,-0.03230326007667821,-0.02104065641467436
Bulgaria,2022,25.23019292,15.70912315,15.43945139,4.615120517,4.615120517,12.82741144,-0.17626360999999946,0.2232045170000001,0.6109664400000003,-0.10769115030324813,0.1363704691434096,-0.03934283393472627,-0.024037151188610915
Bulgaria,2023,25.35222728,15.67906295,15.41380764,4.615120517,4.615120517,12.898637,-0.20190735999999987,0.2232045170000001,0.6821920000000006,-0.13773958573312003,0.1522683358612642,-0.04506663476754511,-0.030744097705341162
Burkina,2019,23.4979033,16.85821959,15.65357998,2.923161581,4.183575696,10.58275031,0.03786498000000016,-1.4687544190000001,-1.6336946900000004,-0.061859816762956474,2.399496295234336,-0.05561435670034686,0.09085687922912261
Burkina,2020,23.5982425,16.88257189,15.6986306,2.970414466,4.206184044,10.72057516,0.08291559999999976,-1.4215015340000003,-1.495869840000001,-0.12403094530550372,2.1263812722243367,-0.11786465259253008,0.17631017901524368
Burkina,2021,23.70375839,16.90633681,15.74286606,2.995732274,4.228292535,10.86320214,0.12715106000000098,-1.3961837260000003,-1.35324286,-0.1720662640864329,1.8893756584576966,-0.17752624071565096,0.24023611771109593
Burkina,2022,23.65819759,16.92942752,15.78614217,3.020424886,4.119037175,10.94292849,0.17042716999999996,-1.3714911140000003,-1.2735165100000003,-0.2170418147475767,1.746616576997293,-0.2337393492391674,0.2976709202927357
Burkina,2023,23.73509869,16.95212489,15.82881003,3.122364924,,11.03513982,0.21309502999999985,-1.269551076,-1.1813051800000007,-0.2517302627712554,1.4997272623533746,-0.2705350246267521,0.31958442596301
Burundi,2019,21.66970505,16.32147207,14.30901646,2.379546134,4.123903364,8.156515269,-1.3066985399999993,-2.0123698660000002,-4.059929731,5.30510425200029,8.170080248741888,2.6295607658421947,-10.675831932713857
Burundi,2020,21.69770481,16.3505586,14.36336835,2.312535424,4.119037175,8.398932332,-1.2523466499999998,-2.079380576,-3.817512668000001,4.780849201102362,7.938061690473139,2.6041052984286703,-9.941204965557372
Burundi,2021,21.74420436,16.37780115,14.41582289,2.415913778,4.15575319,8.757819432,-1.1998921100000004,-1.976002222,-3.4586255680000004,4.149977530487471,6.834251807434013,2.370989475520269,-8.200364821493315
Burundi,2022,21.92885418,16.40485965,14.46809821,2.424802726,4.17438727,8.652717653,-1.147616789999999,-1.9671132740000004,-3.5637273470000004,4.089793338399353,7.0102553692005065,2.2574922210742687,-8.045086763882143
Burundi,2023,21.69486323,16.43213609,14.5205117,2.533696814,4.189654742,9.061471082,-1.0952032999999997,-1.8582191860000004,-3.1549739179999996,3.4553378464075277,5.8626330657571915,2.0351277846305136,-6.420775080306391
Cambodia,2019,24.3256435,16.61773727,15.18246281,4.442651256,4.58394655,10.83387487,-0.43325218999999926,0.050735256000000284,-1.3825701299999995,0.5990015366510835,-0.07014504948350364,-0.021981160772210726,0.030390496306386273
Cambodia,2020,24.27340245,16.63244356,15.21494767,4.470495283,4.588024027,10.99026775,-0.400767329999999,0.07857928299999983,-1.226177250000001,0.4914117825892416,-0.09635212913591162,-0.031492009441224246,0.038614785533614415
Cambodia,2021,24.32849636,16.64721135,15.2475483,4.424846632,4.604169686,11.16290822,-0.36816669999999974,0.03293063200000024,-1.05353678,0.3878771596212257,-0.03469363200064521,-0.012123962112354478,0.012773040004691935
Cambodia,2022,24.41200861,16.66052023,15.27877568,4.535820108,4.605170186,11.27052105,-0.33693931999999904,0.14390410800000009,-0.945923950000001,0.3187189724847134,-0.1361223422605868,-0.04848695229472645,0.04586496943808926
Cambodia,2023,24.46889528,16.67335229,15.30960204,4.564348191,4.610157727,11.43613402,-0.3061129600000001,0.1724321909999995,-0.7803109799999994,0.2388633038083007,-0.1345507319427567,-0.05278372838629523,0.041187722825163815
Cameroon,2019,24.40380454,17.05442804,16.49174758,4.162003211,4.544358047,10.84587974,0.8760325799999986,-0.22991278900000012,-1.3705652599999993,-1.2006598207761683,0.31511048143311016,-0.2014110937226654,0.27604704803488916
Cameroon,2020,24.43129185,17.0816729,16.52933061,4.178992036,4.552823706,10.89035542,0.913615609999999,-0.2129239639999998,-1.3260895799999997,-1.2115361405463423,0.28235624999269476,-0.19453065725347765,0.2579650775743881
Cameroon,2021,24.53019357,17.10822251,16.56604384,4.195697056,4.561218298,11.01393249,0.9503288399999992,-0.19621894399999995,-1.20251251,-1.1427823187137875,0.23595573485898938,-0.18647252143754475,0.22423553979989075
Cameroon,2022,24.51531555,17.13451302,16.60234458,4.276666119,4.553876892,11.02298893,0.9866295800000007,-0.11524988100000044,-1.1934560699999999,-1.1774990610925513,0.1375456700462282,-0.11370894168608049,0.13570662666852878
Cameroon,2023,24.6207722,17.16093755,16.6386296,4.290459441,4.572646994,11.03832767,1.0229146000000018,-0.10145655899999984,-1.178117330000001,-1.205113417370021,0.11952773040006737,-0.10378139546686141,0.12226666053109296
Canada,2019,28.18704485,17.4430064,17.23821836,4.615120517,4.615120517,15.55977425,1.6225033600000014,0.2232045170000001,3.34332925,5.424562941711285,0.7462461904182226,0.3621500787996776,1.210786951340767
Canada,2020,28.13523577,17.45385009,17.25004339,4.615120517,4.615120517,15.59032629,1.6343283899999985,0.2232045170000001,3.37388129,5.514029976736818,0.7530655437497873,0.3647894789093375,1.2307563976810634
Canada,2021,28.32789743,17.45938912,17.25669749,4.615120517,4.615120517,15.51946925,1.6409824900000007,0.2232045170000001,3.30302425,5.420204958295385,0.7372499323605376,0.3662747040859077,1.209814229757327
Canada,2022,28.40181585,17.47750834,17.27602843,4.615120517,4.615120517,15.58152734,1.6603134300000004,0.2232045170000001,3.365082339999999,5.587091402157826,0.7511015783649299,0.37058945721176356,1.2470640378534907
Canada,2023,28.39298091,17.50683108,17.3066958,4.615120517,4.615120517,15.60410962,1.6909808000000002,0.2232045170000001,3.387664619999999,5.7284758292592945,0.7561420452650887,0.3774345527202738,1.278621680615996
Central,2019,21.52135906,15.41382766,14.54083592,2.727852828,3.499533282,7.700215736,-1.0748790800000005,-1.664063172,-4.516229264000001,4.8544003563574005,7.515290794531067,1.7886666913812428,-8.078028855158026
Central,2020,21.56772577,15.43026014,14.56746282,2.797281335,3.552486829,7.793314738,-1.0482521800000004,-1.594634665,-4.423130262,4.636555939565473,7.053276843595732,1.6715792638898204,-7.393612827442748
Central,2021,21.64613425,15.44712103,14.5949313,2.815408719,3.575150689,7.891099555,-1.020783699999999,-1.576507281,-4.325345445,4.415242127125242,6.818938586882685,1.6092729353761184,-6.960661360790873
Central,2022,21.59146598,15.44436671,14.60318352,2.815408719,3.575150689,8.026465673,-1.0125314799999998,-1.576507281,-4.189979327,4.2424859691367125,6.60553291625498,1.5962632504617056,-6.688310019884369
Central,2023,21.66151064,15.45497745,14.62518576,2.923161581,3.64805746,8.160672811,-0.990529239999999,-1.4687544190000001,-4.055772189000001,4.017360943983303,5.956933325051055,1.4548441983987102,-5.900516639193488
Chad,2019,23.14939079,16.6300341,15.17241576,2.240709689,3.629660094,10.22460025,-0.44329924,-2.151206311,-1.9918447500000003,0.8829832638729901,4.284868996732218,0.9536281227495037,-1.8994791697509548
Chad,2020,23.09494743,16.6618538,15.21453505,2.4765384,3.73289634,10.19478379,-0.4011799499999995,-1.9153776000000002,-2.0216612099999995,0.8110499431447383,3.8722445964228958,0.7684110897991192,-1.5534668935807057
Chad,2021,23.18966743,16.69629618,15.26001321,2.509599262,3.788724789,10.2410018,-0.35570178999999946,-1.882316738,-1.9754432000000008,0.7026686822833272,3.7184098003282835,0.66954343305356,-1.322645021930311
Chad,2022,23.24070482,16.73086307,15.30636852,2.541601993,3.856510295,10.41874646,-0.3093464800000003,-1.8503140070000001,-1.7976985400000007,0.55611171545014,3.3263067889254514,0.572388124960146,-1.0289812965541925
Chad,2023,23.29963629,16.77660299,15.36462165,2.564949357,3.893859035,10.40891241,-0.25109334999999966,-1.826966643,-1.807532590000001,0.45385941325727613,3.302301748065397,0.45873917472912346,-0.8291860086325955
Chile,2019,26.35191182,16.77030338,16.63840496,4.615120517,4.615120517,13.66937521,1.0226899599999992,0.2232045170000001,1.4529302099999999,1.4858971383476904,0.3243005857577587,0.22826901856254925,0.33165895307657856
Chile,2020,26.26076607,16.7792683,16.64832782,4.615120517,4.615120517,13.69950259,1.0326128199999989,0.2232045170000001,1.4830575899999996,1.5314242802323017,0.3310251530591341,0.2304838457361078,0.3418208167913237
Chile,2021,26.47747211,16.78368328,16.65376822,4.615120517,4.615120517,13.73836193,1.03805322,0.2232045170000001,1.5219169299999997,1.5798307697590144,0.3396987332747729,0.23169816759039488,0.35262536390579924
Chile,2022,26.43407867,16.78864118,16.65980731,4.615120517,4.615120517,13.80365259,1.0440923100000017,0.2232045170000001,1.5872075900000002,1.6571912390926358,0.35427190350468424,0.23304611975696476,0.3698925700983035
Chile,2023,26.53898714,16.79403746,16.66634046,4.615120517,4.615120517,13.95489069,1.050625460000001,0.2232045170000001,1.738445689999999,1.8264553027412678,0.3880289305671817,0.23450434834720313,0.40767307367045363
China,2019,30.28987887,21.06525497,20.55954955,4.615120517,4.615120517,16.90030874,4.94383455,0.2232045170000001,4.68386374,23.156247385304216,1.0454595437805139,1.103486202860663,5.168579013169343
China,2020,30.31803453,21.06763538,20.58033095,4.615120517,4.615120517,16.96090147,4.964615950000001,0.2232045170000001,4.744456469999999,23.554404265042695,1.0589841148138754,1.1081247052102468,5.257449427201597
China,2021,30.51136832,21.0685279,20.59871625,4.615120517,4.615120517,17.07353863,4.983001249999999,0.2232045170000001,4.857093630000001,24.20290362965704,1.0841252377079276,1.1122283872166465,5.402197414655149
China,2022,30.51480358,21.06839691,20.61521106,4.615120517,4.615120517,17.1028976,4.99949606,0.2232045170000001,4.886452599999998,24.42980052107675,1.0906782924263942,1.1159101033157035,5.4528418257132865
China,2023,30.50992644,21.06735896,20.62993868,4.615120517,4.615120517,17.1723251,5.014223679999999,0.2232045170000001,4.955880099999998,24.84989135266075,1.106174824030412,1.1191973746243629,5.546607996873123
Colombia,2019,26.5010163,17.72569159,17.51625368,4.609162207,4.615120517,13.73945456,1.9005386799999986,0.21724620699999964,1.5230095600000002,2.894538578789779,0.3308680501347384,0.41288481948678574,0.6288275272572491
Colombia,2020,26.32297712,17.7400548,17.53456697,4.6121458,4.615120517,13.71926298,1.9188519700000004,0.22022980000000025,1.5028179799999997,2.8836852414744207,0.3309653031718043,0.42258838558270656,0.635073423992864
Colombia,2021,26.48696565,17.75101909,17.54939239,4.615120517,4.615120517,13.74258449,1.9336773900000015,0.2232045170000001,1.5261394900000003,2.951061425799134,0.34064122774007655,0.43160552786877115,0.6586902401828273
Colombia,2022,26.56776596,17.76170202,17.56386065,4.615120517,4.615120517,13.72443434,1.948145649999999,0.2232045170000001,1.50798934,2.9377828729673694,0.33659003227584894,0.434834908853901,0.6557264072115544
Colombia,2023,26.61902819,17.7729113,17.57876816,4.602165677,4.615120517,13.91934758,1.9630531599999994,0.2102496770000002,1.70290258,3.3428882908411515,0.35803471740746695,0.4127312928238296,0.7028411833964349
Democrat,2019,24.67018927,18.34754476,17.55005879,3.000719815,3.742420221,11.62939194,1.9343437900000016,-1.391196185,-0.5870530600000006,-1.1355624410114995,0.816705977464577,-2.6910517011264434,1.5797901357644857
Democrat,2020,24.6092931,18.37975457,17.59532509,3.04927304,3.779633817,11.64192137,1.9796100899999995,-1.34264296,-0.5745236299999998,-1.1373327748914261,0.7713801071731446,-2.657909550883466,1.5270318433852381
Democrat,2021,24.73655367,18.41213365,17.64070057,3.08190997,3.802208139,11.67903758,2.02498557,-1.3100060300000003,-0.537407420000001,-1.0882422707109314,0.704006960766744,-2.6527433073629876,1.4256039367322126
Democrat,2022,24.9099092,18.44436767,17.68587099,3.113515309,3.835141961,11.68264872,2.0701559900000017,-1.2784006910000003,-0.5337962800000007,-1.1050415664817195,0.6824055332052306,-2.646488848093792,1.4126859021739528
Democrat,2023,24.91871116,18.47696402,17.73134391,3.139832618,4.036008985,11.67195874,2.11562891,-1.2520833820000004,-0.5444862599999993,-1.1519308727537751,0.6817421978733307,-2.648943800689774,1.4423135029877587
Republic,2019,23.36065304,15.5412481,15.14632234,3.88567903,4.194189897,11.54482005,-0.46939266000000046,-0.5062369700000002,-0.67162495,0.3152558218028673,0.34000137966440164,0.23762391793864054,-0.15959415200434357
Republic,2020,23.16288633,15.56519586,15.17701569,3.906004933,4.207673248,11.87674912,-0.4386993100000005,-0.485911067,-0.3396958800000007,0.14902434816584328,0.1650619875063043,0.213168849814264,-0.0724125800262444
Republic,2021,23.41962734,15.58913728,15.20762793,3.925925911,4.219507705,11.82849231,-0.40808707000000055,-0.46599008899999994,-0.38795269000000054,0.15831847656071873,0.18078210854088964,0.19016453006904946,-0.07377484098287372
Republic,2022,23.48435305,15.61310381,15.23820676,3.943521672,4.226833745,11.70385924,-0.37750823999999916,-0.448394328,-0.5125857600000003,0.1935053481066621,0.22984054739756943,0.16927255358926235,-0.08676670052869283
Republic,2023,23.45249392,15.63729571,15.26895292,3.956996371,4.254193263,11.74536263,-0.34676207999999953,-0.43491962900000036,-0.47108236999999953,0.16335350247252922,0.2048829695888407,0.15081363518486823,-0.07104564469120304
Costa Ri,2019,24.88865382,15.42485927,15.2026653,4.6121458,4.614129927,11.98788243,-0.4130497000000002,0.22022980000000025,-0.22856256999999935,0.09440770096972878,-0.050336289078585915,-0.09096585282106015,0.020791389103023198
Costa Ri,2020,24.85676077,15.43178922,15.21823717,4.614129927,4.614129927,11.96413513,-0.3974778299999997,0.22221392699999942,-0.2523098699999995,0.10028757961518182,-0.05606676703355923,-0.08832510949973811,0.022285296895614645
Costa Ri,2021,24.8970487,15.43687487,15.23138702,4.615120517,4.613138356,11.967223,-0.3843279800000001,0.2232045170000001,-0.2492219999999996,0.09578298783155988,-0.055627476135773936,-0.08578374114548573,0.02137919553576021
Costa Ri,2022,24.96089693,15.4411694,15.24323065,4.615120517,4.615120517,11.96842005,-0.3724843500000006,0.2232045170000001,-0.24802494999999958,0.09238541228453248,-0.05536028916869908,-0.08314018943180912,0.02062084132681495
Costa Ri,2023,25.18338645,15.44583404,15.25493992,4.615120517,4.615120517,12.06971772,-0.3607750799999998,0.2232045170000001,-0.14672728000000035,0.052935546180182494,-0.03275019166312385,-0.08052662747703636,0.011815453017278835
Croatia,2019,24.84177575,15.18907195,14.63118992,4.615120517,4.615120517,12.86766998,-0.9845250799999992,0.2232045170000001,0.6512249800000003,-0.6411473255324981,0.14535635711923478,-0.21975044495578627,-0.14310697912132309
Croatia,2020,24.78307711,15.18012331,14.62765959,4.615120517,4.615120517,12.84559965,-0.9880554099999994,0.2232045170000001,0.6291546500000003,-0.6216396556591564,0.14043015977155418,-0.22053843055828695,-0.13875277908944839
Croatia,2021,24.95747092,15.17108331,14.62425082,4.615120517,4.615120517,12.89562431,-0.9914641799999995,0.2232045170000001,0.6791793100000003,-0.6733819576621157,0.1515958898449434,-0.22129928341970104,-0.15030189461648705
Croatia,2022,24.98873949,15.16504809,14.62409001,4.615120517,4.615120517,12.85417596,-0.99162499,0.2232045170000001,0.637730959999999,-0.6323899568326894,0.14234443090274615,-0.22133517693807994,-0.14115229487049136
Croatia,2023,25.15875972,15.16609665,14.6312346,4.615120517,4.615120517,12.84401395,-0.9844803999999989,0.2232045170000001,0.6275689500000006,-0.6178293309235798,0.14007622436894734,-0.21974047217796666,-0.13790229739723087
Cuba,2019,25.36213769,16.2316785,15.9717284,4.613138356,4.614129927,12.1990393,0.35601340000000015,0.22122235600000018,-0.017405699999999413,-0.006196662436379794,-0.003850529961829073,0.0787581231155705,-0.0013708402635126391
Cuba,2020,25.39937713,16.22931094,15.97046255,4.614129927,4.615120517,12.15051947,0.3547475500000008,0.22221392699999942,-0.06592552999999945,-0.02338692024995136,-0.014649570910856152,0.07882984617912882,-0.005196899389177499
Cuba,2021,,16.22445088,15.96687117,4.615120517,4.615120517,12.10060388,0.35115616999999943,0.2232045170000001,-0.11584112000000069,-0.04067832402771058,-0.025856261238339204,0.0783796433164198,-0.009079585666974638
Cuba,2022,,16.21882937,15.96265888,4.615120517,4.615120517,12.04354774,0.34694387999999954,0.2232045170000001,-0.17289726000000094,-0.059985646225769046,-0.038591449408923645,0.07743944116150589,-0.013389067192755658
Cuba,2023,,16.21521619,15.96062069,4.615120517,4.615120517,12.12230781,0.34490569000000093,0.2232045170000001,-0.09413718999999965,-0.032468452471611065,-0.02101184602568716,0.07698450794700197,-0.007247105251663407
Cyprus,2019,23.98889803,14.0675696,13.66417824,4.615120517,4.615120517,11.32321008,-1.9515367599999998,0.2232045170000001,-0.8932349199999994,1.7431807816956577,-0.1993740688861336,-0.43559181992354506,0.3890858244220619
Cyprus,2020,23.9641025,14.07960256,13.67644962,4.615120517,4.615120517,11.25312563,-1.9392653800000001,0.2232045170000001,-0.9633193700000007,1.868131904124412,-0.21501723469759454,-0.4328527924777217,0.4169754793523799
Cyprus,2021,24.13681575,14.09110234,13.68847346,4.615120517,4.615120517,11.24679531,-1.927241539999999,0.2232045170000001,-0.9696496900000007,1.868749161816123,-0.21643019071564998,-0.4301690170780361,0.41711325405732275
Cyprus,2022,24.15648426,14.1017198,13.69991338,4.615120517,4.615120517,11.21289159,-1.9158016199999999,0.2232045170000001,-1.0035534100000003,1.9226092486345248,-0.22399765416275313,-0.4276155752599177,0.4291350687212022
Cyprus,2023,24.24629525,14.11188747,13.71121614,4.615120517,4.615120517,11.27856099,-1.9044988600000003,0.2232045170000001,-0.9378840099999994,1.786199027857228,-0.20933994745407314,-0.4250927481733509,0.39868769127874226
Czechia,2019,26.27154086,16.18312196,15.88094876,4.615120517,4.615120517,13.50545582,0.265233760000001,0.2232045170000001,1.2890108199999997,0.3418891864692844,0.287713037485874,0.05920137329289417,0.0763112107333996
Czechia,2020,26.24915558,16.18555419,15.88527316,4.615120517,4.615120517,13.47968907,0.26955816000000077,0.2232045170000001,1.263244069999999,0.3405177471401119,0.28196178249746406,0.06016659890620892,0.07600509928033684
Czechia,2021,26.39649534,16.16743547,15.86921818,4.615120517,4.615120517,13.58777562,0.25350318000000094,0.2232045170000001,1.3713306200000002,0.3476366730013729,0.3060871886844107,0.0565830548498643,0.07759407568875842
Czechia,2022,26.43313385,16.1831452,15.88712177,4.615120517,4.615120517,13.51677571,0.27140677000000046,0.2232045170000001,1.300330709999999,0.35291855793290705,0.29023968806581696,0.06057921700838022,0.07877301626375106
Czechia,2023,26.56160215,16.20096909,15.90729585,4.615120517,4.615120517,13.49787096,0.2915808500000008,0.2232045170000001,1.28142596,0.373639270628867,0.28602006247306144,0.06508216279069966,0.08339797293294858
Denmark,2019,26.56797327,15.57585211,15.44795048,4.615120517,4.615120517,12.43358439,-0.16776452000000042,0.2232045170000001,0.21713938999999982,-0.03642828553644286,0.04846649266662461,-0.03744579865633695,-0.00813095787829982
Denmark,2020,26.59715958,15.57876852,15.4522525,4.615120517,4.615120517,12.48649877,-0.16346249999999962,0.2232045170000001,0.2700537700000005,-0.044143664378624985,0.060277221296879235,-0.03648556836011243,-0.009853065286241098
Denmark,2021,26.73545955,15.58310267,15.45799284,4.615120517,4.615120517,12.64603922,-0.1577221600000005,0.2232045170000001,0.42959422000000025,-0.06775652830191545,0.09588737038109184,-0.03520429854299685,-0.015123563173225878
Denmark,2022,26.71958253,15.59097769,15.46730618,4.615120517,4.615120517,12.59120504,-0.14840882000000022,0.2232045170000001,0.37476003999999996,-0.05561769531955288,0.08364813371910071,-0.033125518986640005,-0.012414120820453966
Denmark,2023,26.73230485,15.59838955,15.4761654,4.615120517,4.615120517,12.57958409,-0.1395496000000005,0.2232045170000001,0.36313909000000066,-0.05067591475386427,0.08105428518726972,-0.031148101065543325,-0.011311093076169454
Djibouti,2019,21.85106587,13.90050407,13.65095308,4.185098925,4.284964922,6.827835794,-1.964761919999999,-0.20681707500000002,-5.388609206,10.58733416971023,1.1144563943029926,0.40634631336578386,-2.189641485027024
Djibouti,2020,21.88176553,13.91552692,13.66786054,4.182050143,4.298645026,7.045983692,-1.9478544600000003,-0.2098658570000005,-5.170461308,10.071306119045236,1.0851032934887634,0.40878814555917325,-2.1136232897827774
Djibouti,2021,21.9428635,13.9299538,13.68427139,4.195697056,4.310799125,7.116114988,-1.9314436100000005,-0.19621894399999995,-5.100330012000001,9.850999810568627,1.0007813690061471,0.37898582554974786,-1.9329527801739756
Djibouti,2022,22.02462806,13.94398908,13.7003881,4.189654742,4.301358732,7.210271241,-1.9153269000000002,-0.20226125800000005,-5.006173759,9.588459266686819,1.0125550022619292,0.38739642827524035,-1.939373833561834
Djibouti,2023,22.13389434,13.9578301,13.71642145,4.192680463,4.325456283,7.442184317,-1.8992935499999994,-0.19923553699999985,-4.7742606830000005,9.067722521240492,0.9512023909554912,0.37840677035488596,-1.8066125658863421
Dominica,2019,25.21124325,16.20372678,16.00317615,4.605170186,4.611152258,12.39459764,0.3874611500000018,0.21325418599999946,0.17815264000000042,0.06902722676993649,0.037991796226951036,0.08262771214987408,0.014720345056660178
Dominica,2020,25.09074538,16.21416018,16.02227306,4.615120517,4.615120517,12.445069,0.40655806000000005,0.2232045170000001,0.22862399999999994,0.09294892990943998,0.05102990949460801,0.09074559541475707,0.020746621006103416
Dominica,2021,25.26914691,16.22456848,16.04080189,4.596129441,4.603168183,12.57187676,0.4250868900000011,0.20421344100000027,0.3554317600000001,0.15108938146562684,0.07258394275028628,0.08680845653088883,0.030854482487657316
Dominica,2022,25.45539785,16.23416477,16.05800026,4.596129441,4.603168183,12.65598846,0.44228526000000024,0.20421344100000027,0.43954345999999944,0.19440359348739947,0.08976068243564586,0.09032059484817982,0.039699826768827086
Dominica,2023,25.52272139,16.24307637,16.07401847,4.611152258,4.615120517,12.76280562,0.4583034699999988,0.21923625799999957,0.5463606199999997,0.2503989680173506,0.11978205784735967,0.10047673779121481,0.05489653275518553
Ecuador,2019,25.40164772,16.6685278,16.22202197,4.606169686,4.613138356,13.36592956,0.6063069700000003,0.21425368600000017,1.1494845599999994,0.6969405006353833,0.24628130398008824,0.12990350316999158,0.1493220711838163
Ecuador,2020,25.28621171,16.68034032,16.23664364,4.604169686,4.6121458,13.33854898,0.6209286400000007,0.2122536859999995,1.1221039800000003,0.6967464982399882,0.23817070583026978,0.13179439258296688,0.14788701245902966
Ecuador,2021,25.40015279,16.68808346,16.24742115,4.615120517,4.615120517,13.43898152,0.6317061500000012,0.2232045170000001,1.2225365200000002,0.7722838382835996,0.272875673461461,0.14099966609667988,0.17237724111099703
Ecuador,2022,25.48189571,16.6960507,16.25863043,4.615120517,4.615120517,13.42667485,0.6429154300000004,0.2232045170000001,1.2102298499999993,0.7780754444115855,0.2701287691282324,0.14350162802499747,0.17366995375944838
Ecuador,2023,25.5010845,16.70477526,16.27078721,4.602165677,4.615120517,13.63253063,0.6550722100000019,0.2102496770000002,1.4160856299999995,0.9276383431933447,0.2977315463118417,0.1377287205641767,0.19503566202921607
Egypt,2019,26.48744958,18.49349579,17.64322685,4.615120517,4.615120517,15.01050881,2.0275118500000016,0.2232045170000001,2.794063809999999,5.664997484431151,0.6236476631782298,0.452549803191027,1.2644530273186707
Egypt,2020,26.67343391,18.50974532,17.66071599,4.615120517,4.615120517,14.96832919,2.04500099,0.2232045170000001,2.75188419,5.627605892915349,0.6142329814688865,0.4564534582374721,1.2561070551945248
Egypt,2021,26.77458239,18.52465338,17.67746886,4.615120517,4.615120517,15.06478495,2.0617538600000014,0.2232045170000001,2.8483399499999997,5.87257588650471,0.6357623427915544,0.46019277449418616,1.3107854642931314
Egypt,2022,26.8902533,18.53951435,17.69477654,4.615120517,4.615120517,15.03049051,2.0790615399999997,0.2232045170000001,2.8140455099999997,5.8505737916506835,0.6281076688755689,0.46405592684897634,1.3058744973382501
Egypt,2023,26.70468635,18.55639776,17.71475059,4.615120517,4.615120517,14.97879237,2.0990355900000015,0.2232045170000001,2.7623473700000005,5.798265441572903,0.6165684105070707,0.4685142250317606,1.2941990373240724
El Salva,2019,24.01469076,15.64365322,15.32545692,4.589040804,4.603168183,11.00142976,-0.2902580799999992,0.19712480399999954,-1.2150152399999996,0.3526679907331381,-0.23950964104201233,-0.05721706712941603,0.0695196085503435
El Salva,2020,23.93898428,15.64563685,15.33698988,4.6121458,4.606169686,11.00807441,-0.27872511999999894,0.22022980000000025,-1.2083705899999995,0.33680323770221937,-0.2661192133615822,-0.06138357743257584,0.07417410967851232
El Salva,2021,24.09204815,15.64901687,15.34950527,4.594109239,4.607168189,11.10389769,-0.2662097299999999,0.20219323899999964,-1.11254731,0.2961709190073262,-0.2249495441496367,-0.053825807562015354,0.059883757411697845
El Salva,2022,24.18865543,15.65293149,15.36213795,4.615120517,4.615120517,11.10063658,-0.2535770500000005,0.2232045170000001,-1.1158084200000005,0.2829434075087617,-0.24905347945063336,-0.05659954296753499,0.06315424661132736
El Salva,2023,24.25008567,15.6575868,15.37513114,4.598145571,4.609162207,11.17118334,-0.2405838599999992,0.20622957099999972,-1.0452616599999995,0.2514730848728067,-0.21556386372454747,-0.04961550623732383,0.05186118641136544
Equatori,2019,23.15372805,14.32844077,14.00860719,4.213607983,4.519612298,9.274758067,-1.6071078100000005,-0.17830801699999999,-2.9416869329999997,4.727608044599248,0.5245263636580417,0.2865602067063128,-0.8429704155857394
Equatori,2020,23.01517575,14.35577983,14.04243814,4.21508618,4.516338972,9.114510467,-1.57327686,-0.17682982000000003,-3.1019345329999997,4.880201822003806,0.5485145251221741,0.27820226396396525,-0.8629652097486051
Equatori,2021,23.22600242,14.38013492,14.07308027,4.216562195,4.514150788,9.13938317,-1.5426347299999996,-0.1753538050000003,-3.07706183,4.746782445315355,0.539574500110764,0.2705068696306481,-0.8323663632932533
Equatori,2022,23.33975932,14.40526528,14.10429577,4.219507705,4.508659286,9.073380116,-1.5114192299999996,-0.17240829500000032,-3.143064884000001,4.75048870681532,0.5418904577248139,0.26058121247451327,-0.8190236583587857
Equatori,2023,23.23591334,14.429371,14.13430169,4.218036035,4.49980967,9.107420777,-1.4814133100000006,-0.17387996500000025,-3.1090242230000005,4.6057498650646105,0.5405970230793931,0.25758809449333464,-0.8008476253361905
Eritrea,2019,,14.99114407,14.09249739,3.937690752,4.345103281,8.0614328,-1.5232176099999997,-0.4542252480000002,-4.1550122,6.32898775280484,1.8873114469880263,0.6918838966602174,-2.8747860316067424
Eritrea,2020,,15.00678467,14.12361492,3.958906591,4.342505877,8.094330301,-1.4921000800000002,-0.4330094090000003,-4.122114699000001,6.1506076721470775,1.7849144496442044,0.6460933738096533,-2.663270993107274
Eritrea,2021,,15.02452583,14.15666823,3.979681654,4.339901708,7.984353092,-1.4590467700000005,-0.412234346,-4.232091908,6.174820028710539,1.7446136399062722,0.6014691910143626,-2.54547289620319
Eritrea,2022,,15.04206096,14.18933225,3.996364154,4.337290741,7.939851659,-1.4263827500000001,-0.39555184600000004,-4.276593341,6.100058970367268,1.6916143906238577,0.5642083298650566,-2.4128895864376325
Eritrea,2023,,15.05977783,14.22199848,4.014579594,4.357990057,7.998211185,-1.39371652,-0.3773364060000004,-4.2182338150000005,5.879022153188124,1.5916931874197708,0.5258999826396277,-2.2183690900783906
Estonia,2019,24.18504859,14.0983552,13.72803034,4.615120517,4.615120517,12.35509046,-1.8876846599999997,0.2232045170000001,0.13864545999999933,-0.2617189080206423,0.030946292933542684,-0.42133974278360936,-0.05841684245451492
Estonia,2020,24.18338511,14.10033079,13.73258102,4.615120517,4.615120517,12.12741458,-1.8831339800000002,0.2232045170000001,-0.08903042000000028,0.16765620915567214,-0.01987199189440721,-0.4203240104521879,0.0374216231866428
Estonia,2021,24.33969725,14.10139076,13.7363234,4.615120517,4.615120517,12.47483939,-1.8793916,0.2232045170000001,0.2583943899999994,-0.4856242460531229,0.057674795015459523,-0.41948869433185737,-0.10839352528377649
Estonia,2022,24.3706993,14.11475626,13.75248023,4.615120517,4.615120517,12.40869118,-1.86323477,0.2232045170000001,0.1922461799999997,-0.35819976697567807,0.042910215751995016,-0.4158824168954563,-0.07995180597731881
Estonia,2023,24.44391633,14.13053076,13.77113852,4.615120517,4.615120517,12.26711571,-1.8445764800000006,0.2232045170000001,0.05067071000000034,-0.09346599989090146,0.011309931351597151,-0.4117178022879605,-0.020862033361570723
eSwatini,2019,22.24819502,13.98091906,12.55301488,4.356708827,4.510859507,10.08626799,-3.0627001200000006,-0.03520717299999987,-2.1301770100000006,6.5240933841482445,0.07499751051169247,0.10782901297196038,-0.22969488444386182
eSwatini,2020,22.13565594,13.99175536,12.57174301,4.394449155,4.535820108,10.15412178,-3.0439719899999993,0.0025331550000000647,-2.0623232199999997,6.277654116006605,-0.005224184376359233,-0.007710852866328645,0.01590227091223312
eSwatini,2021,22.27881162,14.00331207,12.59145749,4.429625613,4.56017282,10.14196743,-3.02425751,0.03770961299999964,-2.074477570000001,6.273754370399053,-0.0782277463418797,-0.11404358031444255,0.23658084936480472
eSwatini,2022,22.26984335,14.01347414,12.61007669,4.422448549,4.467056884,10.17250474,-3.00563831,0.03053254900000013,-2.0439402599999994,6.143345148807359,-0.06240670614152299,-0.09176979897635258,0.18757198677987377
eSwatini,2023,22.2145677,14.02293684,12.62820803,4.470495283,4.521788577,10.38879348,-2.98750697,0.07857928299999983,-1.8276515199999999,5.460121654731094,-0.14361554601545984,-0.23475615566010202,0.429052444721542
Ethiopia,2019,25.28670328,18.56683425,17.01684385,3.891820298,4.540098189,11.13374606,1.401128850000001,-0.5000957020000003,-1.0826989400000002,-1.5170007206984204,0.5414530864539563,-0.7006985158332036,0.7586455403521829
Ethiopia,2020,25.40222291,18.59394198,17.06585365,3.953164949,4.548599834,11.24945571,1.4501386500000013,-0.4387510510000001,-0.9669892900000008,-1.4022685435650608,0.4242675672932442,-0.6362498567832219,0.6152467972734099
Ethiopia,2021,25.43515257,18.62066693,17.11441723,4.010962953,4.557029811,11.30570659,1.498702230000001,-0.3809530470000002,-0.9107384100000004,-1.3649256860136558,0.34694857230943565,-0.5709351810641955,0.5199725990154678
Ethiopia,2022,25.56566158,18.64689388,17.1623691,4.032469159,4.553876892,11.38017243,1.5466540999999996,-0.35944684100000046,-0.8362725700000002,-1.293424399108037,0.30059553350145185,-0.5559399303646987,0.46491731433170774
Ethiopia,2023,25.82128866,18.67293013,17.21005707,4.032469159,4.561218298,11.55720951,1.5943420700000015,-0.35944684100000046,-0.6592354900000004,-1.0510468757440659,0.23696011435558753,-0.5730812205349022,0.3777954792291245
Fiji,2019,22.41785472,13.72657005,13.160056,4.575741375,4.585987367,8.963911139,-2.455658999999999,0.18382537499999962,-3.252533861,7.987114048569395,-0.5978982566985216,-0.4514124365471239,1.4682342351460342
Fiji,2020,22.21222198,13.72664,13.16884612,4.585987367,4.588024027,9.048340839,-2.4468688800000002,0.19407136700000027,-3.1681041610000005,7.751935480149411,-0.614838305323659,-0.47486718841135966,1.5044287155283997
Fiji,2021,22.18305032,13.72854863,13.17932955,4.533674184,4.574710979,9.000947427,-2.4363854499999995,0.1417581839999995,-3.2154975730000004,7.8341915013675125,-0.4558230966048859,-0.34537757691602156,1.1105607603420882
Fiji,2022,22.32658579,13.73150158,13.19071524,4.532599493,4.591071262,9.143043153,-2.4249997600000004,0.14068349300000005,-3.0734018469999995,7.452998741358557,-0.43237690722861166,-0.34115743676096183,1.0485138962589255
Fiji,2023,22.41742103,13.73662535,13.20411662,4.608165695,4.615120517,9.303279668,-2.411598379999999,0.21624969500000013,-2.913165332,7.02538479532336,-0.6299711145295741,-0.5215074141374942,1.5192373192463149
Finland,2019,26.31057,15.5241795,15.36689384,4.615120517,4.615120517,14.72046841,-0.24882116000000032,0.2232045170000001,2.5040234100000003,-0.6230540095433564,0.5589093357857433,-0.05553800683717982,-0.13906846926503835
Finland,2020,26.32168895,15.52561591,15.36916088,4.615120517,4.615120517,14.51181481,-0.246554119999999,0.2232045170000001,2.2953698100000004,-0.565932883579115,0.5123369097774321,-0.05503199326895984,-0.12631877593369364
Finland,2021,26.40760454,15.5276888,15.37215721,4.615120517,4.615120517,14.78874678,-0.24355779000000055,0.2232045170000001,2.57230178,-0.6265041367498676,0.5741493763831406,-0.05436319887853758,-0.13983855324175623
Finland,2022,26.35891762,15.53040824,15.37586914,4.615120517,4.615120517,14.69873808,-0.23984585999999908,0.2232045170000001,2.48229308,-0.5953677185446464,0.5540590279738425,-0.05353467933574944,-0.13288876405514982
Finland,2023,26.41204411,15.53540016,15.38193428,4.615120517,4.615120517,14.76467895,-0.23378072000000039,0.2232045170000001,2.54823395,-0.595727967559445,0.5687773280127525,-0.05218091269151235,-0.13296917326249766
France,2019,28.6326795,18.0258894,17.81156932,4.615120517,4.615120517,15.32157864,2.1958543200000005,0.2232045170000001,3.10513364,6.818421117571327,0.6930798543366522,0.4901246028979638,1.521902392250109
France,2020,28.60479783,18.02913498,17.81810526,4.615120517,4.615120517,15.28618455,2.2023902599999996,0.2232045170000001,3.0697395499999995,6.760764485656781,0.6851797335735476,0.49158345422880456,1.509033171571776
France,2021,28.71838157,18.032704,17.82496618,4.615120517,4.615120517,15.26792313,2.2092511800000008,0.2232045170000001,3.0514781299999996,6.741481659446695,0.6811037021427134,0.49311484256358046,1.5047291576611588
France,2022,28.65931902,18.03597392,17.83151718,4.615120517,4.615120517,15.21238129,2.215802179999999,0.2232045170000001,2.9959362899999995,6.638402162523108,0.6687065125722221,0.49457705535444707,1.4817213483377265
France,2023,28.74676305,18.03923712,17.83806296,4.615120517,4.615120517,14.92328533,2.2223479599999987,0.2232045170000001,2.7068403300000003,6.015541085421224,0.6041789884537709,0.49603810301773527,1.3426959424651006
Gabon,2019,23.54906384,14.63427975,14.52603733,4.514150788,4.59511985,11.29363639,-1.0896776700000004,0.1222347880000001,-0.9228086100000006,1.0055639360007398,-0.11279931480792484,-0.1331965189807841,0.12291489453749607
Gabon,2020,23.4538754,14.65817197,14.55383328,4.522874943,4.599152114,11.23306315,-1.0618817200000006,0.13095894299999955,-0.9833818500000007,1.0442352102947834,-0.1287826476413842,-0.13906290764222157,0.13675193938358707
Gabon,2021,23.69085247,14.68123321,14.58056157,4.53044664,4.602165677,11.19206055,-1.0351534299999994,0.13853063999999993,-1.0243844499999994,1.0603950770561623,-0.14190863346454785,-0.14340046715609503,0.14689720867743938
Gabon,2022,23.74079168,14.70370959,14.60648248,4.548599834,4.600157644,10.94292932,-1.0092325199999994,0.15668383399999986,-1.273515680000001,1.2852734389859137,-0.1995393194015171,-0.15813042063108143,0.20138157015867783
Gabon,2023,23.68794092,14.72569871,14.63170688,4.55492897,4.607168189,10.84558811,-0.9840081200000004,0.1630129699999996,-1.3708568900000007,1.348934311117948,-0.22346745308386284,-0.16040608614531607,0.21989378839024018
Gambia,2019,21.318585,14.71438856,14.23523945,4.14472077,4.377014093,8.480445932,-1.3804755499999999,-0.24719523,-3.735999068,5.1574553681967865,0.9235211488940456,0.34124697109162644,-1.2748983659561393
Gambia,2020,21.31779135,14.73807517,14.2693829,4.146304301,4.405498991,8.657047011,-1.3463320999999997,-0.24561169900000035,-3.5593979890000007,4.792131769266147,0.8742297874954748,0.3306749144992383,-1.177003625681336
Gambia,2021,21.4234675,14.76175264,14.30323499,4.169761202,4.42604352,8.916260534,-1.3124800099999998,-0.22215479800000004,-3.300184466000001,4.331426140937525,0.7331518134069682,0.291573731500588,-0.9622470993918958
Gambia,2022,21.51387294,14.78495184,14.33634988,4.195697056,4.428433007,9.170509606,-1.2793651199999996,-0.19621894399999995,-3.0459353940000007,3.896863500857057,0.5976702265029039,0.25103567283683315,-0.7646384410503146
Gambia,2023,21.59711285,14.80796423,14.36902549,4.218036035,4.457829598,9.370476396,-1.2466895099999995,-0.17387996500000025,-2.8459686039999994,3.548039204396142,0.49485692125461944,0.21677432836466737,-0.6169329326790298
Georgia,2019,23.59334062,15.12927777,14.60230608,4.615120517,4.615120517,11.99279956,-1.0134089199999998,0.2232045170000001,-0.2236454400000003,0.22664428381332508,-0.049918672414452574,-0.2261974485120917,0.05058802789936416
Georgia,2020,23.49653365,15.12996434,14.60998026,4.615120517,4.615120517,12.06831071,-1.0057347399999994,0.2232045170000001,-0.14813428999999978,0.1489838016382343,-0.0330642426505879,-0.22448453687182054,0.033253857485485906
Georgia,2021,23.65994402,15.12616797,14.61320693,4.615120517,4.614129927,12.15607506,-1.0025080699999993,0.2232045170000001,-0.060369940000001066,0.06052135203541683,-0.013474843299019225,-0.22376432955295214,0.013508639149252186
Georgia,2022,23.94152423,15.12721687,14.62132906,4.615120517,4.615120517,12.25080974,-0.994385939999999,0.2232045170000001,0.03436473999999912,-0.03417181428775469,0.007670365193530386,-0.22195143344929086,-0.007627303303111987
Georgia,2023,24.15006058,15.12801951,14.62923775,4.615120517,4.615120517,12.35387514,-0.9864772500000001,0.2232045170000001,0.1374301399999993,-0.13557170657431433,0.03067502801994224,-0.22018617811773836,-0.03026021728478557
Germany,2019,29.00655986,18.23547058,17.97897704,4.615120517,4.615120517,14.9596648,2.3632620400000004,0.2232045170000001,2.7432198000000003,6.482947220716394,0.6122990504838369,0.527490762182635,1.4470231031364957
Germany,2020,29.00223802,18.23628751,17.98078862,4.615120517,4.615120517,14.98415282,2.3650736199999987,0.2232045170000001,2.76770782,6.545832752949705,0.6177648871602233,0.5278951150215415,1.46105943798492
Germany,2021,29.10080549,18.23671078,17.98238612,4.615120517,4.615120517,15.0216693,2.3666711200000012,0.2232045170000001,2.805224299999999,6.639043335932217,0.6261387349581632,0.5282516842374495,1.4818644611388199
Germany,2022,29.05740033,18.24391953,17.99093514,4.615120517,4.615120517,15.00542577,2.3752201400000015,0.2232045170000001,2.78898077,6.624443294976713,0.6225131056901384,0.5301598641173729,1.4786056660491662
Germany,2023,29.14079424,18.23771899,17.98624027,4.615120517,4.615120517,14.97782422,2.37052527,0.2232045170000001,2.7613792200000002,6.545919221062889,0.6163523150539371,0.5291119479266448,1.4610787380583592
Ghana,2019,24.94773137,17.25781617,16.69054367,4.436751534,4.551769409,12.6270725,1.0748286700000005,0.04483553399999973,0.41062750000000037,0.4413542096904256,0.018410703237584907,0.04819051737795951,0.019788351674618086
Ghana,2020,24.9723766,17.27773436,16.72171963,4.458987676,4.56017282,12.85610345,1.1060046299999993,0.06707167599999941,0.6396584500000007,0.7074652073186237,0.04290296430906187,0.07418158419785918,0.04745087716654715
Ghana,2021,25.09933,17.29732482,16.75233902,4.469350463,4.566429358,13.10165027,1.136624020000001,0.07743446299999945,0.8852052700000002,1.0061455725125865,0.06854539472721954,0.08801387062160072,0.07791034210733915
Ghana,2022,25.03088359,17.31652772,16.78234817,4.455509411,4.564348191,13.1712364,1.166633169999999,0.06359341100000027,0.9547913999999995,1.1138913176707366,0.06071844191946562,0.07419018266604312,0.070836148373967
Ghana,2023,25.05886098,17.33561375,16.81200679,4.505349851,4.590056548,13.29331017,1.1962917900000019,0.11343385099999992,1.0768651699999996,1.288244961807956,0.12215296324086954,0.1356999846593834,0.14613058704922424
Greece,2019,26.05746011,16.18776937,15.95694649,4.615120517,4.615120517,13.67807003,0.3412314900000002,0.2232045170000001,1.4616250300000004,0.4987524868081951,0.32624130885626074,0.07616440991064041,0.11132380792057213
Greece,2020,25.97743791,16.18562345,15.95891104,4.615120517,4.615120517,13.71171888,0.3431960400000005,0.2232045170000001,1.4952738799999992,0.5131720743314356,0.3337518841681159,0.07660290634451282,0.11454232498903624
Greece,2021,26.10915352,16.17345543,15.9507868,4.615120517,4.615120517,13.75208076,0.3350717999999997,0.2232045170000001,1.53563576,0.5145482382475675,0.34276083809872804,0.07478953927932057,0.11484949099124929
Greece,2022,26.11179206,16.16085653,15.94216555,4.615120517,4.615120517,13.77213687,0.32645055000000056,0.2232045170000001,1.5556918700000004,0.5078564665920295,0.34723745244417703,0.07286523733713451,0.11335585733100065
Greece,2023,26.21837593,16.15785362,15.94308741,4.615120517,4.615120517,13.78734755,0.3273724100000006,0.2232045170000001,1.5709025499999996,0.5142701536686464,0.3506325449268184,0.07307100065317614,0.11478742125712603
Greenlan,2019,21.82098105,10.93713456,10.79847293,4.615120517,4.615120517,8.400912701,-4.817242069999999,0.2232045170000001,-3.815532299000001,18.380342710186618,-0.8516440438961952,-1.0752301895064305,4.102575516921677
Greenlan,2020,21.84913157,10.9396569,10.80362858,4.615120517,4.615120517,8.692957489,-4.81208642,0.2232045170000001,-3.523487511000001,16.955326402722704,-0.7864583280482877,-1.0740794251383596,3.7845054402970706
Greenlan,2021,21.89754497,10.94471787,10.81126212,4.615120517,4.615120517,8.768717667,-4.8044528799999995,0.2232045170000001,-3.4477273329999996,16.564443514486566,-0.7695483141099634,-1.0723755845296594,3.6972586140247583
Greenlan,2022,,10.94485907,10.81392116,4.615120517,4.615120517,8.727883665,-4.80179384,0.2232045170000001,-3.488561335,16.751352328865178,-0.7786626478035505,-1.0717820747907758,3.7389775056611785
Greenlan,2023,,10.9484529,10.81993827,4.615120517,4.615120517,8.933337531,-4.79577673,0.2232045170000001,-3.283107469000001,15.7450504019194,-0.732804416877238,-1.0704390286594898,3.5143663701010768
Guatemal,2019,25.06930664,16.65481145,15.99003794,4.568506202,4.587006215,12.04779563,0.37432294000000077,0.17659020199999986,-0.1686493700000007,-0.06312932800754818,-0.02978182631547284,0.06610176358783397,-0.011148020784977184
Guatemal,2020,25.07637157,16.66952522,16.01243998,4.580877493,4.589040804,12.00746135,0.3967249800000001,0.18896149299999987,-0.2089836500000004,-0.08290903436657719,-0.0394898625165895,0.07496574453119512,-0.015666614917096724
Guatemal,2021,25.18316555,16.68333281,16.0341069,4.594109239,4.591071262,12.08231087,0.41839190000000137,0.20219323899999964,-0.13413412999999963,-0.05612063350554703,-0.027121014205146947,0.08459601343236423,-0.011347212663218458
Guatemal,2022,25.2837579,16.69739518,16.05619514,4.606169686,4.592084946,12.07164031,0.44048014,0.21425368600000017,-0.14480469000000085,-0.06378359012385698,-0.031024938582587546,0.09437449360479612,-0.013665869290349564
Guatemal,2023,25.37197634,16.71279388,16.07976295,4.615120517,4.615120517,12.24440234,0.46404794999999943,0.2232045170000001,0.027957340000000386,0.012973546314453164,0.006240204571304869,0.10357759854459007,0.0028957541388946496
Guinea,2019,23.32171406,16.38309851,15.37524066,3.765840495,4.465908119,10.02503113,-0.24047434000000045,-0.6260755050000002,-2.19141387,0.5269788040550968,1.3719905453242547,0.15055509385504204,-0.3299285208730909
Guinea,2020,23.36863845,16.4086125,15.41097631,3.822098298,4.492001488,10.15144856,-0.20473868999999922,-0.5698177020000004,-2.06499644,0.422784665980262,1.1766715260789815,0.11666372984629002,-0.2409101868097106
Guinea,2021,23.56053657,16.43367354,15.44653128,3.867025639,4.508659286,10.28289199,-0.16918371999999948,-0.5248903610000002,-1.9335530100000007,0.3271256910489963,1.0149033374315373,0.08880290386612268,-0.1717051220670822
Guinea,2022,23.71451068,16.45849858,15.48213944,3.88567903,4.521788577,10.31837802,-0.1335755600000006,-0.5062369700000002,-1.8980669799999994,0.2535353597710098,0.9608716768122507,0.06762088676045352,-0.12834897231833597
Guinea,2023,23.82333154,16.48311848,15.51776883,3.953164949,4.537961436,10.5358118,-0.09794617000000017,-0.4387510510000001,-1.6806332000000008,0.16461158511484436,0.7373795828454938,0.04297398502892475,-0.07222350597591393
Guinea-B,2019,21.18614342,14.49237438,13.66631309,3.46260601,3.975936331,7.335646237,-1.9494019100000006,-0.9293099900000001,-4.8807987630000005,9.514638430917842,4.535775049635544,1.8115986694880817,-8.842048545089876
Guinea-B,2020,21.22185714,14.51526387,13.6987284,3.538056564,4.050044303,7.33621321,-1.9169865999999995,-0.853859436,-4.88023179,9.35533894632401,4.167031963758671,1.6368370970955572,-7.988144436297055
Guinea-B,2021,21.34050151,14.53765425,13.73059952,3.605497845,4.119037175,7.520826803,-1.8851154799999996,-0.7864181550000002,-4.695618197,8.851782551334388,3.6927193990691674,1.4824890377435396,-6.9612025024815845
Guinea-B,2022,21.30916658,14.56007777,13.76248102,3.64805746,4.127134385,7.96215033,-1.8532339800000006,-0.7438585400000002,-4.25429467,7.884203443376889,3.1645934219559826,1.37854392264119,-5.8647320624533075
Guinea-B,2023,21.4402995,14.58253068,13.79432574,3.725693427,4.178992036,7.976927526,-1.8213892600000001,-0.6662225730000002,-4.239517474,7.7218115947259305,2.8244622398067416,1.2134506392317665,-5.144445188859545
Guyana,2019,22.36686557,13.60190389,12.28098993,4.528289142,4.581901559,9.399837296,-3.3347250699999993,0.13637314200000006,-2.816607704000001,9.39261232288394,-0.38410964237588624,-0.45476693550207004,1.2809000540596018
Guyana,2020,22.42277415,13.60167604,12.28438925,4.535820108,4.587006215,9.524849259,-3.3313257499999995,0.14390410800000009,-2.6915957410000004,8.96658220058363,-0.3873316842052043,-0.4793914605111812,1.2903280133836652
Guyana,2021,22.80786454,13.61153585,12.29838288,4.542230386,4.590056548,9.597831832,-3.3173321199999997,0.1503143859999998,-2.6186131679999995,8.686809572061353,-0.39361523051943426,-0.4986427407758776,1.3057524471233235
Guyana,2022,23.41236337,13.61905519,12.31054076,4.543294782,4.59511985,9.70511033,-3.3051742399999995,0.1513787820000001,-2.51133467,8.3003986593029,-0.3801627835389722,-0.5003332507489759,1.2565042391597068
Guyana,2023,23.56581835,13.62477853,12.32143052,4.604169686,4.604169686,9.96783355,-3.29428448,0.2122536859999995,-2.2486114500000003,7.407565801285297,-0.4772760686443036,-0.6992240236125916,1.572283145610344
Haiti,2019,23.43238819,16.22292078,15.64652503,3.837299459,4.393213824,9.411472422,0.0308100299999996,-0.5546165410000001,-2.804972578000001,-0.08642128927735625,1.5556841888102135,-0.017087752266706013,0.047930676527767724
Haiti,2020,23.3979814,16.23533178,15.67475561,3.856510295,4.405498991,9.249669816,0.05904061000000027,-0.5354057050000001,-2.9667751839999994,-0.175160216596223,1.5884283589660246,-0.0316106794206802,0.0937817792546535
Haiti,2021,23.76193379,16.24689221,15.70154422,3.875359021,4.416428061,9.367773799,0.08582922000000082,-0.5165569790000002,-2.848671201,-0.24449922721829556,1.4715009897528624,-0.04433568259312682,0.12629778217971738
Haiti,2022,23.73159602,16.2581712,15.727483,3.918005077,4.430816799,9.220820613,0.11176799999999965,-0.47391092300000004,-2.9956243869999994,-0.33481494648621485,1.419659118204479,-0.052968076041863835,0.1586724603234777
Haiti,2023,23.71151164,16.26973452,15.7531591,3.956996371,,9.187180091,0.13744409999999974,-0.43491962900000036,-3.029264909,-0.4163545890790861,1.317486770365,-0.059777136980238836,0.18108078341472375
Honduras,2019,23.93741956,16.11244311,15.5630499,4.522874943,4.605170186,11.83552061,-0.052665100000000464,0.13095894299999955,-0.38092439000000056,0.020061421091789208,-0.04988545547731967,-0.006896965828989337,0.0026272225012586112
Honduras,2020,23.87395843,16.12998875,15.59143227,4.544358047,4.615120517,11.78856528,-0.024282729999999475,0.15244204700000008,-0.42787971999999996,0.010390087713235375,-0.06522686038658687,-0.0037017090679482318,0.0015838862395151502
Honduras,2021,24.0606118,16.14667125,15.6187334,4.55492897,4.615120517,11.78711425,0.0030184000000001987,0.1630129699999996,-0.4293307500000001,-0.0012958919358000856,-0.06998648066982734,0.0004920383486480311,-0.00021124719325382073
Honduras,2022,24.17090274,16.16343922,15.64592471,4.558078578,4.615120517,11.7016232,0.03020970999999939,0.16616257799999978,-0.5148218,-0.015552617279677687,-0.08554411749860029,0.0050197232942322725,-0.0025842629818385882
Honduras,2023,24.26133722,16.18058695,15.67328855,4.570578741,4.615120517,11.90477507,0.05757355000000075,0.17866274100000012,-0.31166993000000076,-0.017943944298351777,-0.055683803981078306,0.01028624825210069,-0.0032059142726948526
Hungary,2019,25.82325702,16.09494391,15.76148313,4.615120517,4.615120517,13.10720323,0.14576813000000044,0.2232045170000001,0.8907582299999994,0.1298441614692102,0.19882126049092488,0.032536105050643326,0.02898180334600509
Hungary,2020,25.78135043,16.09279323,15.76348329,4.615120517,4.615120517,13.10295028,0.14776829000000014,0.2232045170000001,0.8865052799999997,0.13099736930157127,0.1978719828403498,0.03298254979736598,0.02923920454322786
Hungary,2021,25.92787673,16.08865572,15.76354873,4.615120517,4.615120517,13.22799443,0.14783373000000033,0.2232045170000001,1.0115494300000005,0.1495411253162743,0.22578240194477553,0.0329971563009585,0.033378254647855495
Hungary,2022,25.89945019,16.08188571,15.76101905,4.615120517,4.615120517,13.14080233,0.14530405000000002,0.2232045170000001,0.9243573299999994,0.13431286369618645,0.20632073137805956,0.03243252029839387,0.029979237868194144
Hungary,2023,26.0816849,16.07645947,15.75988396,4.615120517,4.615120517,13.17445511,0.14416896,0.2232045170000001,0.95801011,0.13811532122818562,0.21383218388366698,0.03217916308319234,0.03082796356503703
Iceland,2019,23.92931348,12.79542475,12.73200459,4.615120517,4.615120517,12.13639444,-2.883710409999999,0.2232045170000001,-0.0800505600000001,0.23084263319832982,-0.01786764658037955,-0.6436571892319221,0.0515251184460414
Iceland,2020,23.79734491,12.81165557,12.7486934,4.615120517,4.615120517,12.00251073,-2.8670215999999993,0.2232045170000001,-0.2139342700000011,0.613354173070235,-0.04775109540509786,-0.6399321714565673,0.13690342195007627
Iceland,2021,23.97461997,12.82804869,12.765577,4.615120517,4.615120517,11.97139456,-2.8501379999999994,0.2232045170000001,-0.24505043999999998,0.6984275709607198,-0.0546963651008375,-0.6361636756733462,0.15589218863577076
Iceland,2022,24.0826062,12.85318636,12.79122529,4.615120517,4.615120517,11.8410275,-2.82448971,0.2232045170000001,-0.37541750000000107,1.060362865703928,-0.08379488176084778,-0.6304388614920203,0.2366777812841812
Iceland,2023,24.16768606,12.88245508,12.82102583,4.615120517,4.615120517,12.12036335,-2.79468917,0.2232045170000001,-0.09608165000000035,0.2685183466907315,-0.02144585828081314,-0.6237872463549812,0.0599345078787433
India,2019,28.67327688,21.05187172,19.98684894,4.573679519,4.613138356,16.2748327,4.371133940000002,0.18176351899999954,4.058387700000001,17.73975621714855,0.7376668298183146,0.7945126869547332,3.2244405162310406
India,2020,28.61491501,21.06160611,20.00966746,4.579852378,4.605170186,16.28995972,4.3939524599999995,0.18793637799999985,4.073514719999999,17.898830024790204,0.7655616022064833,0.8257835104365892,3.3638412852967186
India,2021,28.78389133,21.06983259,20.03117647,4.611152258,4.615120517,16.34260243,4.415461469999999,0.21923625799999957,4.126157429999999,18.218889151319214,0.904603314872095,0.9680292500259771,3.994241082452012
India,2022,28.84101689,21.0777346,20.05252146,4.607168189,4.615120517,16.43980966,4.4368064600000015,0.2152521890000001,4.223364660000001,18.738251606423717,0.9090884880102414,0.9550323026843417,4.033449676315473
India,2023,28.90290067,21.08656749,20.07497658,4.610157727,4.615120517,16.53812459,4.4592615800000015,0.21824172699999966,4.321679589999999,19.27149975675715,0.9431708172622502,0.9731969483639474,4.205845388794755
Indonesi,2019,27.74354579,19.42311021,18.84302382,4.604169686,4.614129927,14.43183501,3.2273088199999993,0.2122536859999995,2.21539001,7.149747719012887,0.4702246955500758,0.6850081929053088,1.5175603073305741
Indonesi,2020,27.68839797,19.43160822,18.86317114,4.584967479,4.611152258,14.44005878,3.247456139999999,0.1930514790000002,2.223613779999999,7.221088222849604,0.42927192895378086,0.6269262108146315,1.394041761410599
Indonesi,2021,27.80203708,19.43865423,18.88161014,4.607168189,4.614129927,14.55103027,3.2658951399999996,0.2152521890000001,2.33458527,7.624510687208586,0.5025245897746562,0.7029910779294617,1.6411926154755432
Indonesi,2022,27.90795281,19.44611474,18.90024899,4.615120517,4.615120517,14.51915489,3.2845339900000017,0.2232045170000001,2.302709889999999,7.563328902814162,0.5139752487885731,0.7331228228080335,1.6881691746647758
Indonesi,2023,27.94668635,19.4545414,18.91962798,4.609162207,4.615120517,14.69187161,3.3039129800000016,0.21724620699999964,2.4754266099999995,8.1785941078164,0.5377770417293672,0.717762563163066,1.776768548515659
Iran,2019,26.53296611,18.28201217,17.99952989,4.615120517,4.615120517,15.75602381,2.383814890000002,0.2232045170000001,3.53957881,8.437700671606487,0.7900499786694851,0.5320782511398587,1.8833329029965025
Iran,2020,26.2923207,18.28969974,18.01360363,4.615120517,4.615120517,15.75531891,2.397888629999999,0.2232045170000001,3.5388739099999995,8.485825511792639,0.7898926418054517,0.5352195734789417,1.8940745847059544
Iran,2021,26.67243909,18.29801003,18.02810239,4.615120517,4.615120517,15.87209018,2.412387390000001,0.2232045170000001,3.6556451800000005,8.818832334546284,0.8159565167252786,0.5384557622018411,1.968403211736387
Iran,2022,26.70053668,18.31002006,18.04614567,4.615120517,4.615120517,15.97635696,2.4304306700000016,0.2232045170000001,3.75991196,9.13820534408382,0.8392293329943238,0.542483103799337,2.0396887100730487
Iran,2023,26.72622817,18.32206088,18.06402823,4.615120517,4.615120517,16.0815856,2.448313230000002,0.2232045170000001,3.8651406,9.463074866790146,0.8627168407600906,0.5464745719668606,2.1122010549767345
Iraq,2019,26.1770306,17.5337588,17.18672298,4.615120517,4.615120517,15.69164265,1.5710079799999992,0.2232045170000001,3.47519765,5.4595632402272445,0.7756798129477854,0.35065607737904564,1.2185991760658776
Iraq,2020,25.92120358,17.55595266,17.21195419,4.615120517,4.615120517,15.66643272,1.5962391900000004,0.2232045170000001,3.4499877199999993,5.507005603682747,0.7700528426985315,0.3562877974204215,1.2291885258863016
Iraq,2021,26.06890537,17.5783654,17.23754977,4.615120517,4.615120517,15.7155671,1.6218347700000013,0.2232045170000001,3.4991220999999992,5.6749978862554205,0.7810198582545259,0.36200084649165654,1.2666851621776625
Iraq,2022,26.3814941,17.60130236,17.26378559,4.615120517,4.615120517,15.80953391,1.6480705900000014,0.2232045170000001,3.5930889100000005,5.921664159826163,0.8019936746946069,0.36785680002285553,1.32174218863021
Iraq,2023,26.24809221,17.62381725,17.28972817,4.615120517,4.615120517,15.82205763,1.6740131700000003,0.2232045170000001,3.6056126299999995,6.035843028538337,0.8047890255682499,0.37364730106148913,1.3472274278727174
Ireland,2019,26.73238567,15.41172969,14.95610225,4.615120517,4.615120517,12.66226364,-0.6596127499999991,0.2232045170000001,0.4458186400000006,-0.29406765913166,0.09950873421079706,-0.1472285452707916,-0.06563722982180283
Ireland,2020,26.80218139,15.42202079,14.97029711,4.615120517,4.615120517,12.67546759,-0.6454178899999992,0.2232045170000001,0.45902259,-0.2962613915001347,0.10245591549303908,-0.144060188400609,-0.0661268807955355
Ireland,2021,26.99860494,15.43155957,14.9838967,4.615120517,4.615120517,12.65954745,-0.6318182999999991,0.2232045170000001,0.4431024499999996,-0.27996023668483433,0.0989024683337666,-0.14102469848326096,-0.06248838940844416
Ireland,2022,27.03058119,15.45755137,15.0141196,4.615120517,4.615120517,12.71619052,-0.601595399999999,0.2232045170000001,0.4997455199999994,-0.3006446060026071,0.11154545741451376,-0.13427881068642164,-0.06710523407146726
Ireland,2023,27.03571707,15.4846505,15.04561825,4.615120517,4.615120517,12.76103261,-0.5700967499999994,0.2232045170000001,0.5445876100000007,-0.31046762655126753,0.12155441445423458,-0.12724816972701966,-0.06929777662851208
Israel,2019,26.71385767,16.01871732,15.94076665,4.615120517,4.615120517,13.6682518,0.3250516500000007,0.2232045170000001,1.4518068,0.471912195821221,0.3240498355713157,0.07255299653830324,0.10533293373468511
Israel,2020,26.74363014,16.03635411,15.95933272,4.615120517,4.615120517,13.66611151,0.343617720000001,0.2232045170000001,1.4496665100000001,0.4981311009265587,0.32357211317562584,0.07669702722524151,0.11118511178499085
Israel,2021,26.9170757,16.05317316,15.97709092,4.615120517,4.615120517,13.74681313,0.3613759200000004,0.2232045170000001,1.5303681299999994,0.55303819091743,0.34158507928884324,0.08066073767903077,0.12344062228627882
Israel,2022,26.98666489,16.07283685,15.99771456,4.615120517,4.615120517,13.74726845,0.38199956000000057,0.2232045170000001,1.5308234499999998,0.5847738843376827,0.34168670876952373,0.08526402728401268,0.1305241724078064
Israel,2023,26.9647322,16.09345464,16.01931279,4.615120517,4.615120517,13.83425257,0.40359779000000096,0.2232045170000001,1.61780757,0.6529435598972719,0.36110195726079386,0.09008484977921768,0.1457399519151312
Italy,2019,28.33392395,17.9053296,17.55911406,4.615120517,4.615120517,15.54703919,1.943399059999999,0.2232045170000001,3.3305941899999993,6.472673618087457,0.7434036675019564,0.433775448525554,1.4447299886238538
Italy,2020,28.27680469,17.90045864,17.55851748,4.615120517,4.615120517,15.54017188,1.9428024799999992,0.2232045170000001,3.3237268800000006,6.457344825306661,0.7418708528903174,0.4336422891748022,1.4413085328350232
Italy,2021,28.40998252,17.89530264,17.55767376,4.615120517,4.615120517,15.57046003,1.9419587600000003,0.2232045170000001,3.3540150299999993,6.513358868680163,0.7486313047818907,0.43345396705971917,1.4538111203314228
Italy,2022,28.37438408,17.89327964,17.56000029,4.615120517,4.615120517,15.54300196,1.9442852900000016,0.2232045170000001,3.3265569599999996,6.467775763675123,0.7425025395297885,0.4339732590646555,1.4436367653954127
Italy,2023,28.46433935,17.89293742,17.56405829,4.615120517,4.615120517,15.52996377,1.9483432899999986,0.2232045170000001,3.31351877,6.455872061818549,0.7395923566282844,0.4348790229946408,1.440979805372004
Jamaica,2019,23.48522113,14.85340705,14.27332077,4.604169686,4.615120517,11.20365154,-1.34239423,0.2122536859999995,-1.012793460000001,1.359568096885737,-0.21496914504169326,-0.2849281233826311,0.2885733399320022
Jamaica,2020,23.34883415,14.85604872,14.28176843,4.6121458,4.615120517,11.18857411,-1.3339465700000002,0.22022980000000025,-1.0278708900000009,1.3711248481183487,-0.22636780053052244,-0.2937747863217864,0.3019625510761347
Jamaica,2021,23.40822386,14.85849843,14.29025605,4.615120517,4.615120517,11.21239179,-1.3254589499999998,0.2232045170000001,-1.0040532100000004,1.3308313134707297,-0.22410921178034976,-0.29584842473807726,0.29704756053171
Jamaica,2022,23.56221334,14.85901351,14.29703507,4.615120517,4.615120517,11.25875765,-1.31867993,0.2232045170000001,-0.9576873500000005,1.2628830876598862,-0.21376014239376015,-0.29433531685324393,0.28188120960859364
Jamaica,2023,23.68974207,14.85923961,14.30373039,4.592084946,4.601162165,11.31740915,-1.3119846099999997,0.2001689459999998,-0.8990358500000006,1.179521199038269,-0.17995905851071403,-0.2626185765519207,0.23610351519614628
Japan,2019,29.26378365,18.65680371,18.57013409,4.615120517,4.615120517,14.90765372,2.95441909,0.2232045170000001,2.6912087200000006,7.950958417542466,0.6006899424937886,0.6594396859990298,1.7746898332746512
Japan,2020,29.2515151,18.65386176,18.56810777,4.615120517,4.615120517,14.87655839,2.952392770000001,0.2232045170000001,2.6601133899999994,7.8536995400161915,0.5937493243801828,0.6589874022221427,1.752981212492437
Japan,2021,29.24735932,18.64926223,18.56443393,4.615120517,4.615120517,14.91924479,2.94871893,0.2232045170000001,2.7027997900000003,7.969796904773026,0.6032771216746518,0.6581673845394072,1.778894668717959
Japan,2022,29.07944738,18.64482372,18.56095286,4.615120517,4.615120517,14.90940105,2.9452378600000007,0.2232045170000001,2.6929560499999994,7.931396113776053,0.601079954442478,0.6573903939914141,1.7703234387110618
Japan,2023,29.06717526,18.63995001,18.55703568,4.615120517,4.615120517,14.93533282,2.9413206799999987,0.2232045170000001,2.718887819999999,7.997120971566111,0.606868042640283,0.6565160617215116,1.7849935238489854
Jordan,2019,24.51882258,16.18312393,16.09104157,4.614129927,4.615120517,13.21472398,0.4753265700000018,0.22221392699999942,0.9982789800000003,0.4745085234665005,0.22183149238735395,0.10562418372714051,0.10544240239446245
Jordan,2020,24.50062271,16.20107825,16.11135045,4.614129927,4.615120517,13.18075527,0.49563545,0.22221392699999942,0.9643102700000004,0.47794635461107166,0.21428317194312982,0.11013709970491185,0.10620633635346051
Jordan,2021,24.55832356,16.21942016,16.13196502,4.614129927,4.615120517,13.27078812,0.5162500199999993,0.22221392699999942,1.0543431200000004,0.5443046567868619,0.23428972510063173,0.11471794425802809,0.12095207526899547
Jordan,2022,24.61027793,16.23643533,16.15117156,4.615120517,4.615120517,13.29608178,0.5354565600000019,0.2232045170000001,1.0796367799999995,0.5780985962682785,0.24097980601533525,0.11951632284928199,0.12903421795843917
Jordan,2023,24.65445353,16.25255784,16.16939362,4.615120517,4.615120517,13.43123342,0.5536786200000012,0.2232045170000001,1.2147884199999996,0.6726023759775817,0.27114626254329316,0.12358356895032688,0.1501278884631286
Kazakhst,2019,25.9254422,16.77091842,16.21822864,4.615120517,4.615120517,14.17821116,0.6025136399999997,0.2232045170000001,1.9617661599999998,1.1819908698904218,0.43787506820974487,0.13448376600211187,0.26382570121230153
Kazakhst,2020,25.86541095,16.78500758,16.2345919,4.615120517,4.615120517,14.30503453,0.6188769000000018,0.2232045170000001,2.08858953,1.2925798136988609,0.46618261725490723,0.1381361195469578,0.2885096530006044
Kazakhst,2021,26.00703923,16.79834015,16.25052206,4.615120517,4.615120517,14.29334276,0.6348070600000018,0.2232045170000001,2.0768977599999996,1.318429360946189,0.463572961379182,0.14169180321549046,0.29427938870861287
Kazakhst,2022,26.14156972,16.81297184,16.26807229,4.615120517,4.615120517,14.24193759,0.6523572899999994,0.2232045170000001,2.025492589999999,1.3213448569274793,0.452099095238029,0.14560909382587886,0.2949301405809322
Kazakhst,2023,26.29405731,16.82761335,16.28596765,4.615120517,4.615120517,14.2732738,0.6702526500000001,0.2232045170000001,2.0568288,1.3785949537963202,0.4590934788556898,0.14960341901122015,0.3077086208007451
Kenya,2019,25.33221324,17.75130532,16.46057573,4.258445573,4.519612298,12.04618261,0.8448607299999988,-0.13347042699999978,-0.17026238999999954,-0.14384800710694412,0.022724993895340433,-0.11276392238863137,0.019199454931662835
Kenya,2020,25.33498956,17.77092509,16.4977809,4.283586562,4.55492897,12.00526804,0.8820658999999988,-0.10832943800000017,-0.21117695999999953,-0.18627199528166333,0.022876681395348465,-0.09555370322596422,0.020178740564001273
Kenya,2021,25.42104856,17.78992917,16.53441748,4.350277936,4.590056548,12.10371404,0.9187024799999985,-0.04163806399999981,-0.11273096000000038,-0.10356621252478099,0.0046938989272614345,-0.03825299265919848,0.004312296585344412
Kenya,2022,25.46339495,17.80915893,16.5713536,4.343805422,4.59511985,12.27162511,0.9556385999999986,-0.04811057800000018,0.055180110000000226,0.052732243068246136,-0.002654746986203601,-0.0459763254051109,-0.0025369786932498244
Kenya,2023,25.40575431,17.82898853,16.60888641,4.346399457,4.574710979,12.44374871,0.9931714100000004,-0.04551654299999974,0.22730370999999927,0.22575154615893048,-0.010346079090274438,-0.04520572918963539,-0.010275429958059384
South Ko,2019,28.13265842,17.76222138,17.55679497,4.615120517,4.615120517,14.59033265,1.9410799699999988,0.2232045170000001,2.3738876500000003,4.607905768445368,0.5298624463305154,0.4332578171622244,1.0285053814273626
South Ko,2020,28.12834368,17.76360008,17.55797715,4.615120517,4.615120517,14.60947443,1.9422621499999995,0.2232045170000001,2.3930294300000003,4.647890485725074,0.5341349780899356,0.4335216850781316,1.0374301509351609
South Ko,2021,28.22899577,17.7623125,17.55668956,4.615120517,4.615120517,14.64956012,1.940974559999999,0.2232045170000001,2.43311512,4.722614549471345,0.5430822851649973,0.4332342891740875,1.0541088994919248
South Ko,2022,28.14618721,17.76043764,17.55497438,4.615120517,4.615120517,14.69416899,1.939259380000001,0.2232045170000001,2.4777239899999994,4.804949488658528,0.5530391864472629,0.4328514532506199,1.0724864298254242
South Ko,2023,28.1691464,17.76121241,17.55610523,4.615120517,4.615120517,14.70797601,1.9403902300000002,0.2232045170000001,2.491531009999999,4.8345424295460315,0.5561209756775722,0.43310386407866913,1.0790917079028288
Kosovo,2019,22.79009538,14.39710699,,,,11.17893688,,,-1.03750812,,,,
Kosovo,2020,22.76671034,14.39781165,,,,11.21194061,,,-1.004504390000001,,,,
Kosovo,2021,22.96540044,14.39553439,,,,11.45839767,,,-0.7580473300000001,,,,
Kosovo,2022,22.95916643,14.38541438,,,,11.47495138,,,-0.74149362,,,,
Kosovo,2023,23.07160976,14.37875803,,,,11.57547404,,,-0.6409709600000006,,,,
Kuwait,2019,25.67100673,15.30668665,15.30668665,4.615120517,4.615120517,13.59242091,-0.3090283500000002,0.2232045170000001,1.3759759099999993,-0.4252155651070485,0.30712403839518543,-0.06897652360105702,-0.09491003483060087
Kuwait,2020,25.4332056,15.29717601,15.29717601,4.615120517,4.615120517,13.60898334,-0.3185389900000004,0.2232045170000001,1.3925383399999998,-0.4435777563598771,0.3108208475836819,-0.07109934140861796,-0.09900855886025009
Kuwait,2021,25.72357663,15.28818122,15.28818122,4.615120517,4.615120517,13.64394569,-0.32753377999999955,0.2232045170000001,1.4275006900000005,-0.4675546969483077,0.318624602028617,-0.0731070191660842,-0.10436032030342846
Kuwait,2022,25.93787662,15.33931302,15.33931302,4.615120517,4.615120517,13.64300784,-0.27640197999999927,0.2232045170000001,1.426562839999999,-0.39430479357042186,0.3184152696723482,-0.06169417044374353,-0.08801061099967077
Kuwait,2023,25.82133112,15.39519438,15.39519438,4.615120517,4.615120517,13.69615127,-0.22052062000000028,0.2232045170000001,1.4797062699999994,-0.32630574407828766,0.33027712329722164,-0.049221198475640625,-0.07283291600131984
Kyrgyzst,2019,22.96091502,15.70109608,14.69572842,4.614129927,4.613138356,12.02595912,-0.9199865799999998,0.22221392699999942,-0.19048588000000066,0.17524445327949098,-0.0423286154328508,-0.20443383072909907,0.038941758148203616
Kyrgyzst,2020,22.83595701,15.72157985,14.72342833,4.614129927,4.613138356,12.12895517,-0.892286669999999,0.22221392699999942,-0.08748983000000088,0.07806600906956679,-0.019441458696862556,-0.19827852495045234,0.017347354440566006
Kyrgyzst,2021,22.94779576,15.73993803,14.74962431,4.6121458,4.613138356,12.18512716,-0.86609069,0.22022980000000025,-0.03131783999999982,0.027124089654909447,-0.006897121639631968,-0.19073897944056223,0.005973532839882783
Kyrgyzst,2022,23.21935399,15.7578745,14.77600495,4.6121458,4.615120517,12.1195982,-0.839710049999999,0.22022980000000025,-0.09684679999999979,0.08132323127033972,-0.021328551394639978,-0.18492917636949,0.017909798958020685
Kyrgyzst,2023,23.36143906,15.77557027,14.80273569,4.615120517,4.615120517,12.31984585,-0.8129793099999993,0.2232045170000001,0.10340084999999988,-0.08406275168641333,0.023079536781639435,-0.18146065421954322,-0.01876318588785683
Laos,2019,23.65395608,15.79480533,14.76324414,4.599152114,4.614129927,10.94805805,-0.8524708600000004,0.20723611399999964,-1.26838695,1.0812629140792775,-0.26285558256631186,-0.17666274832463782,0.22407672452610497
Laos,2020,23.66674674,15.8097392,14.79611153,4.608165695,4.614129927,11.01523578,-0.8196034700000006,0.21624969500000013,-1.2012092200000009,0.9845152449079948,-0.25976112745618823,-0.17723900040844187,0.21290112143420428
Laos,2021,23.65856574,15.82415336,14.82825118,4.615120517,4.615120517,11.15094798,-0.7874638199999993,0.2232045170000001,-1.0654970200000005,0.8390403535678159,-0.23782374771403955,-0.17576548159807487,0.1872775968616137
Laos,2022,23.46208997,15.83825052,14.85987185,4.615120517,4.615120517,11.113981,-0.7558431500000005,0.2232045170000001,-1.1024639999999994,0.8332898625216001,-0.246074944629888,-0.16870760522350872,0.1859940612851302
Laos,2023,23.48600343,15.85217429,14.89106948,4.579852378,4.601162165,11.33823432,-0.7246455199999993,0.18793637799999985,-0.8782106800000005,0.6363914348781533,-0.165047734320117,-0.1361872543627263,0.11960110126122289
Latvia,2019,24.22278413,14.46461337,14.08221079,4.615120517,4.615120517,12.0206491,-1.5335042100000003,0.2232045170000001,-0.19579590000000024,0.30025383695073943,-0.04370252929008037,-0.34228506651051677,0.06701801265398658
Latvia,2020,24.23122058,14.45760126,14.07656088,4.615120517,4.615120517,11.80969162,-1.5391541199999992,0.2232045170000001,-0.4067533799999996,0.6260561406509246,-0.09078919172101742,-0.34354615194316,0.13973855848887376
Latvia,2021,24.3657119,14.44916832,14.06967825,4.615120517,4.615120517,12.18705817,-1.546036749999999,0.2232045170000001,-0.029386829999999975,0.04543311914600243,-0.006559273196311107,-0.3450823860479997,0.01014087741478693
Latvia,2022,24.36134939,14.44645462,14.06870211,4.615120517,4.615120517,12.0567509,-1.5470128899999995,0.2232045170000001,-0.1596940999999994,0.24704883115694798,-0.03564444445824958,-0.3453002649052242,0.055142415033801156
Latvia,2023,24.4668193,14.4454229,14.06957974,4.615120517,4.615120517,11.98600317,-1.5461352599999998,0.2232045170000001,-0.23044183000000018,0.356294238741926,-0.05143565736174617,-0.3451043739249695,0.07952648346827432
Lebanon,2019,24.66690299,15.57243614,15.4531796,4.615120517,4.615120517,12.45394954,-0.16253539999999944,0.2232045170000001,0.23750453999999976,-0.03860289541071583,0.05301208613600715,-0.03627863545240169,-0.008616340624950347
Lebanon,2020,24.17996504,15.55639752,15.43902059,4.615120517,4.615120517,12.26331132,-0.17669440999999964,0.2232045170000001,0.04686631999999946,-0.008281016761271088,0.010460774319167325,-0.039438990440649906,-0.0018483603464684183
Lebanon,2021,23.86448025,15.55915116,15.44366168,4.615120517,4.615120517,11.95502843,-0.17205331999999984,0.2232045170000001,-0.26141656999999974,0.04497758877151231,-0.058349359242646656,-0.038403078188846425,0.010039200977570035
Lebanon,2022,23.76742735,15.56375169,15.45015744,4.615120517,4.615120517,11.25567873,-0.16555755999999988,0.2232045170000001,-0.9607662700000006,0.1590621193915012,-0.21444737124524182,-0.03695319521549851,0.03550338353177637
Lebanon,2023,,15.568788,15.45709635,4.615120517,4.615120517,11.58363014,-0.1586186499999993,0.2232045170000001,-0.6328148599999999,0.10037623879313853,-0.14124713517672266,-0.03540439916044191,0.02240442989809916
Lesotho,2019,21.59485301,14.60823426,13.35594664,3.819907717,4.322807275,9.301285035,-2.259768359999999,-0.5720082830000002,-2.915159965000001,6.587586253245706,1.667495646249991,1.2926062195813257,-3.768153901833481
Lesotho,2020,21.44290882,14.62007746,13.38316951,3.881563798,4.363098625,9.258574206,-2.2325454899999997,-0.510352202,-2.9578707939999997,6.603581101147418,1.509555872949388,1.1393845068866688,-3.3701521560561694
Lesotho,2021,21.60377604,14.63155788,13.41010145,3.939638172,4.401829262,9.260619383,-2.205613549999999,-0.45227782800000016,-2.9558256170000003,6.519409032292308,1.3368543900035206,0.9975501058013693,-2.948584156968748
Lesotho,2022,21.57967199,14.64236268,13.43648921,3.931825633,4.437934267,9.130826528,-2.1792257900000003,-0.4600903670000003,-3.085618472,6.724259352282794,1.41966333520446,1.0026407934969657,-3.093766953194975
Lesotho,2023,21.47372036,14.65339554,13.46316196,4.065602093,4.454347296,9.350390656,-2.152553039999999,-0.3263139070000003,-2.866054344,6.169333990982404,0.9352333906649629,0.7024079925071276,-2.0131394781853724
Liberia,2019,21.92310908,15.43365486,14.77229734,3.18221184,3.63758616,8.458206004,-0.8434176600000001,-1.2097041600000003,-3.758238996000001,3.1697651397270707,4.546357347735426,1.020285851919466,-3.8344780757508197
Liberia,2020,21.87892815,15.45440319,14.80218706,3.353406718,3.837299459,8.521176459,-0.8135279400000002,-1.0385092820000001,-3.695268541000001,3.006204203906537,3.837570679311099,0.8448563168563393,-3.1219709693443596
Liberia,2021,21.9797503,15.47551306,14.83254577,3.42751469,3.921973336,8.776376244,-0.7831692300000004,-0.96440131,-3.4400687560000005,2.6941559987835797,3.317606814776471,0.7552894313636916,-2.5982475745712423
Liberia,2022,22.10982191,15.49695187,14.86329927,3.490428515,4.001863709,8.856041648,-0.7524157299999992,-0.9014874850000001,-3.3604033520000005,2.5284203411895247,3.0293615663800506,0.6782933641121384,-2.2793392944017867
Liberia,2023,22.16782911,15.51899094,14.89475415,3.511545439,3.983413002,9.182656385,-0.7209608499999991,-0.8803705610000003,-3.0337886150000006,2.1872428185907205,2.6708581849429645,0.6347127079735363,-1.9255841872459345
Libya,2019,24.96105391,15.75440098,15.53615795,4.241326753,4.615120517,14.03545159,-0.07955705000000002,-0.1505892470000001,1.819006589999999,-0.14471479823095945,-0.27392283267613776,0.01198043625304136,0.021792492495357127
Libya,2020,24.57030831,15.76788548,15.55334239,4.254193263,4.615120517,13.50465777,-0.062372610000000606,-0.13772273699999982,1.2882127699999995,-0.08034919270023044,-0.17741618852275118,0.008590126563033642,0.011065910734416142
Libya,2021,24.28482303,15.78054748,15.56975246,4.265492818,4.615120517,14.17231198,-0.04596253999999966,-0.1264231819999999,1.9558669799999997,-0.08989661430292853,-0.24726692718033014,0.0058107305596022335,0.01136501603120293
Libya,2022,24.49017747,15.79289252,15.58589299,4.262679877,4.615120517,14.1293292,-0.029822010000000176,-0.1292361230000001,1.9128842000000006,-0.05704605174124235,-0.24721373775595684,0.0038540809524672554,0.0073724105594955664
Libya,2023,24.53206965,15.80415995,15.60089257,4.30676415,,14.39757889,-0.014822430000000608,-0.08515184999999992,2.18113389,-0.03232970440515402,-0.1857275858311963,0.0012621573359955505,0.002752934140052012
Lithuani,2019,24.73281595,14.84303421,14.45523745,4.615120517,4.615120517,12.13568732,-1.1604775499999995,0.2232045170000001,-0.08075767999999961,0.09371747463008351,-0.01802547895844048,-0.25902383103709337,0.020918163659267554
Lithuani,2020,24.77351985,14.84330188,14.45831557,4.615120517,4.615120517,12.044914,-1.15739943,0.2232045170000001,-0.17153099999999988,0.19852988162732985,-0.03828649400552699,-0.2583367807492254,0.044312766338695346
Lithuani,2021,24.92851533,14.84542993,14.4634229,4.615120517,4.615120517,12.40671237,-1.1522921000000004,0.2232045170000001,0.19026736999999905,-0.21924358733877597,0.0424685364217101,-0.2571968016234159,-0.04893615901729883
Lithuani,2022,24.98642285,14.85636661,14.47751943,4.615120517,4.615120517,12.28073736,-1.1381955700000006,0.2232045170000001,0.0642923599999996,-0.07317727933684479,0.014350345160590038,-0.25405039245338995,-0.01633349928975453
Lithuani,2023,25.10266248,14.87037505,14.49486708,4.615120517,4.615120517,12.12241213,-1.1208479199999992,0.2232045170000001,-0.09403286999999949,0.10539654675112975,-0.020988561330473686,-0.2501783186140546,0.023524985311053848
Luxembou,2019,24.97019564,13.33747798,13.24561587,4.615120517,4.615120517,11.06579365,-2.37009913,0.2232045170000001,-1.1506513500000004,2.7271577635683264,-0.25683057881214816,-0.5290168315537704,0.6087139314000688
Luxembou,2020,25.02326004,13.35414154,13.26479653,4.615120517,4.615120517,11.09138147,-2.35091847,0.2232045170000001,-1.1250635300000003,2.6449326326003995,-0.2511192618079652,-0.5247356216027292,0.590360910757111
Luxembou,2021,25.17276543,13.36932501,13.28237116,4.615120517,4.615120517,11.10378631,-2.3333438399999995,0.2232045170000001,-1.11265869,2.5962153003339687,-0.24835044548730284,-0.5208128848021254,0.5794869821390537
Luxembou,2022,25.12560732,13.38949166,13.30481659,4.615120517,4.615120517,11.02125415,-2.31089841,0.2232045170000001,-1.1951908499999995,2.761964634911547,-0.26677199639706944,-0.5158029634401182,0.6164829823065135
Luxembou,2023,25.1747603,13.40969189,13.3271572,4.615120517,4.615120517,10.78908806,-2.2885577999999995,0.2232045170000001,-1.427356940000001,3.266588858421134,-0.31859251637929836,-0.5108164383755828,0.7291173883814709
Madagasc,2019,23.36977141,17.15552574,16.18427713,3.465735903,4.122283931,9.405893101,0.5685621300000019,-0.926180097,-2.810551899,-1.5979733741709903,2.603077230439354,-0.5265909287139284,1.480011134693105
Madagasc,2020,23.2921644,17.18120362,16.22757443,3.496507561,4.295923936,9.40965267,0.6118594300000009,-0.8954084390000001,-2.8067923300000004,-1.7173623551621746,2.5132255388024736,-0.5478640971037306,1.5377407456331265
Madagasc,2021,23.40118352,17.20635736,16.27004253,3.586292865,4.298645026,9.508806543,0.6543275300000015,-0.8056231350000003,-2.707638457,-1.7716823837018252,2.181336182174903,-0.527141396035408,1.4273083161821378
Madagasc,2022,23.44025597,17.23117814,16.31193306,3.61361697,4.284964922,9.612585719,0.6962180600000014,-0.7782990300000003,-2.603859281,-1.8128538571308186,2.0265811526587982,-0.5418658407664831,1.4109423985366754
Madagasc,2023,23.48264984,17.25579829,16.35331187,3.698829785,4.338597077,9.710494018,0.7375968699999991,-0.6930862150000001,-2.505950982,-1.8483816006966238,1.7368400810899134,-0.5112182228241465,1.2810878075024648
Malawi,2019,23.12586508,16.76130404,14.99953083,2.501435952,3.839452313,10.21912731,-0.6161841700000004,-1.8904800480000001,-1.997317690000001,1.2307155430389687,3.7758892424624513,1.1648838792784408,-2.3266431788786552
Malawi,2020,23.18876144,16.78766141,15.0405123,2.525728644,3.923951576,10.30795333,-0.5752027000000002,-1.8661873560000002,-1.90849167,1.0977695615115093,3.561603023585325,1.0734360058770616,-2.0486436754944433
Malawi,2021,23.23919702,16.81360299,15.08171507,2.721295428,4.010962953,10.42717889,-0.5339999300000002,-1.6706205720000002,-1.7892661099999998,0.9554679774913726,2.989184772148415,0.8921112685045605,-1.5962244590843202
Malawi,2022,23.24330313,16.83928247,15.12337246,2.708050201,4.007333185,10.32033394,-0.4923425399999992,-1.6838657990000003,-1.8961110600000008,0.9335361354024914,3.192796565039639,0.8290387644987883,-1.5719495705348887
Malawi,2023,23.26582407,16.86499604,15.16563355,2.809402695,4.074141855,10.49606718,-0.450081449999999,-1.582513305,-1.7203778199999995,0.7743101437734371,2.7225207897768944,0.7122598829586907,-1.225356104717927
Malaysia,2019,26.62364998,17.3252812,17.05879946,4.615120517,4.615120517,14.2448464,1.4430844599999997,0.2232045170000001,2.0284014,2.927154538982243,0.452748354769124,0.3221029698845059,0.6533541150578895
Malaysia,2020,26.54470145,17.33861753,17.07932854,4.615120517,4.615120517,14.26540578,1.463613539999999,0.2232045170000001,2.04896078,2.998886740536959,0.4573373012518434,0.32668515327036013,0.6693650664592565
Malaysia,2021,26.64694613,17.35014266,17.09777627,4.615120517,4.615120517,14.29068191,1.4820612700000009,0.2232045170000001,2.0742369099999998,3.0741461891154773,0.46297904764012265,0.33080276993475694,0.6861633153289111
Malaysia,2022,26.73356647,17.36212038,17.11639887,4.615120517,4.615120517,14.24461032,1.5006838700000014,0.2232045170000001,2.0281653199999994,3.0436349814173904,0.4526956606467505,0.3349594183730413,0.6793530759515729
Malaysia,2023,26.71399304,17.37446067,17.13513694,4.615120517,4.615120517,14.31071224,1.519421939999999,0.2232045170000001,2.0942672400000006,3.1820755926792446,0.46744990777312345,0.3391418402369029,0.7102536457214599
Mali,2019,23.57283011,16.86328513,16.0224729,3.889777396,4.520701029,10.7654168,0.40675790000000056,-0.5021386040000002,-1.4510281999999997,-0.5902171834727806,0.7286172747126329,-0.20424884407197197,0.2963708325658341
Mali,2020,23.5834872,16.89346027,16.07040942,3.943521672,4.552823706,10.88156392,0.45469442000000093,-0.448394328,-1.3348810800000006,-0.6069629784395751,0.5985531048265145,-0.20388239890125018,0.27215875683829177
Mali,2021,23.68386115,16.92406384,16.11835252,3.996364154,4.58394655,11.00349249,0.5026375199999986,-0.39555184600000004,-1.212952510000001,-0.609675441504174,0.4797856044408339,-0.19881919890486138,0.24115824634784105
Mali,2022,23.65607547,16.9541581,16.16531468,3.988984047,4.6121458,11.10298359,0.5495996800000018,-0.40293195299999995,-1.113461410000001,-0.6119580346283514,0.4486491805214341,-0.22145127243057575,0.24657744604684323
Mali,2023,23.75155216,16.98389815,16.21146968,4.016383021,4.527208645,11.15547287,0.5957546800000006,-0.37553297899999993,-1.0609721299999997,-0.6320791117970689,0.3984300246148751,-0.22372552973359192,0.23736655181682728
Mauritan,2019,22.7894657,15.31238631,14.70554561,3.826465117,4.460144414,10.35539427,-0.9101693900000001,-0.565450883,-1.8610507300000005,1.6938714076831554,1.0523327785862948,0.5146560852550714,-0.9578010831628933
Mauritan,2020,22.83478151,15.34159556,14.74968639,3.837299459,4.483002552,10.32158954,-0.866028609999999,-0.5546165410000001,-1.8948554600000005,1.640999040174709,1.0509181809201644,0.48031379208523756,-0.9101252114460174
Mauritan,2021,22.94491593,15.37046589,14.79301981,3.88567903,4.507557357,10.45169092,-0.8226951899999992,-0.5062369700000002,-1.7647540799999994,1.4518546931488734,0.8933837582543377,0.4164787202191741,-0.7349825207399657
Mauritan,2022,22.98064085,15.39976153,14.83629103,3.912023005,4.528289142,10.54994565,-0.7794239699999999,-0.47989299500000016,-1.6664993500000005,1.2989095393794197,0.7997413642370538,0.3740401033380902,-0.6233375890868603
Mauritan,2023,23.08898622,15.42942683,14.87949655,3.937690752,,10.6652443,-0.7362184499999991,-0.4542252480000002,-1.5512007000000008,1.142022574992914,0.7045945226552742,0.3344090080334253,-0.5187354873477552
Mexico,2019,27.89653902,18.64990961,18.43230071,4.611152258,4.614129927,15.37679886,2.81658571,0.21923625799999957,3.160353859999999,8.901407520619339,0.6928641542222543,0.617497711396672,1.9515112757536377
Mexico,2020,27.74530003,18.65811415,18.4440666,4.609162207,4.613138356,15.42472104,2.8283515999999995,0.21724620699999964,3.2082760399999994,9.074132670975661,0.696985800698979,0.6144486571623801,1.971320904584238
Mexico,2021,27.90605058,18.6647882,18.45426469,4.615120517,4.614129927,15.51857696,2.838549689999999,0.2232045170000001,3.3021319600000005,9.373265651397091,0.7370507692020638,0.6335771125369498,2.092155232432779
Mexico,2022,28.0124071,18.67231937,18.4652952,4.615120517,4.613138356,15.52245732,2.8495802,0.2232045170000001,3.306012319999999,9.42074724802806,0.7379168830816495,0.6360391721937637,2.1027533392751834
Mexico,2023,28.21274188,18.68104116,18.47747962,4.6121458,4.615120517,15.62902589,2.8617646200000006,0.22022980000000025,3.412580889999999,9.766003253890112,0.7515520068885226,0.6302458499096769,2.150764943403571
Moldova,2019,23.18599479,14.79542377,13.94506141,4.615120517,4.615120517,10.92986616,-1.6706535900000006,0.2232045170000001,-1.2865788400000007,2.1494275578640374,-0.28717020856462055,-0.37289742763026634,0.47976193987953225
Moldova,2020,23.16828289,14.78444345,13.93695621,4.615120517,4.615120517,11.05593282,-1.6787587899999998,0.2232045170000001,-1.1605121799999996,1.9482200230770612,-0.2590315606095171,-0.37470654488145455,0.4348515092606445
Moldova,2021,23.34006801,14.76940916,13.92539313,4.615120517,4.615120517,11.37517895,-1.69032187,0.2232045170000001,-0.8412660499999998,1.4220104028035132,-0.18777438235874788,-0.37728747656788697,0.31739914512673373
Moldova,2022,23.39813772,14.7431981,13.90324392,4.615120517,4.615120517,11.29504723,-1.7124710800000003,0.2232045170000001,-0.9213977700000004,1.5778670343014927,-0.2056601442177273,-0.38223128028786857,0.35218704928148725
Moldova,2023,23.52901346,14.71477069,13.87943795,4.615120517,4.615120517,11.21179757,-1.73627705,0.2232045170000001,-1.0046474300000003,1.744346276050482,-0.2242418443684415,-0.38754488032343504,0.3893459680265967
Mongolia,2019,23.37695552,14.99958897,14.62188017,4.604169686,4.614129927,11.37029702,-0.9938348299999991,0.2122536859999995,-0.8461479799999996,0.8409313338581422,-0.17959802765645377,-0.21094510594268268,0.17849077528428686
Mongolia,2020,23.31200544,15.01764317,14.64159602,4.610157727,4.615120517,11.53553267,-0.9741189800000001,0.21824172699999966,-0.68091233,0.6632896243690234,-0.14860348283479366,-0.21259340849867814,0.14475747312347673
Mongolia,2021,23.45023211,15.03449276,14.6603083,4.615120517,4.615120517,11.57753947,-0.9554066999999993,0.2232045170000001,-0.6389055300000006,0.6104146240290511,-0.14260660023227922,-0.21325109101206383,0.13624730132614102
Mongolia,2022,23.56505826,15.04916323,14.67708446,4.615120517,4.615120517,11.73284664,-0.9386305400000001,0.2232045170000001,-0.4835983600000002,0.45392018978991466,-0.10794133836579221,-0.2095065763221493,0.10131703671860628
Mongolia,2023,23.73512347,15.06287211,14.69309747,4.615120517,4.615120517,11.88940022,-0.9226175300000001,0.2232045170000001,-0.3270447799999996,0.30173724712299305,-0.0729978721572712,-0.20593240015938313,0.06734911650499734
Monteneg,2019,22.43563106,13.34074199,12.94250199,4.615120517,4.615120517,10.84671213,-2.6732130099999996,0.2232045170000001,-1.36973287,3.661587728308638,-0.30573056366737394,-0.5966732187351663,0.8172829203502572
Monteneg,2020,22.28561149,13.3395806,12.94636101,4.614129927,4.615120517,10.83610613,-2.6693539899999994,0.22221392699999942,-1.380338870000001,3.684613070186593,-0.30673052089344194,-0.593167632671017,0.8187723398016873
Monteneg,2021,22.49165901,13.33620298,12.94797904,4.613138356,4.615120517,10.94897483,-2.66773596,0.22122235600000018,-1.267470170000001,3.381275750736316,-0.280392737167121,-0.5901628342571222,0.7480137878635572
Monteneg,2022,22.55261032,13.33297108,12.94971805,4.615120517,4.615120517,10.96011744,-2.6659969500000003,0.2232045170000001,-1.2563275600000008,3.3493654431609445,-0.2804179862235888,-0.5950625615482235,0.7475934959972299
Monteneg,2023,22.74223968,13.33129116,12.95298569,4.615120517,4.615120517,10.96091184,-2.6627293099999996,0.2232045170000001,-1.2555331600000006,3.3431449448089205,-0.28024067255528395,-0.5943332095402935,0.7462050526670672
Morocco,2019,25.58245996,17.40487071,16.94274002,4.611152258,4.615120517,13.86937817,1.327025019999999,0.21923625799999957,1.652933169999999,2.1934836729779104,0.3623828829148769,0.29093199965717437,0.4808911524477718
Morocco,2020,25.52197481,17.41512726,16.9615008,4.615120517,4.615120517,13.87269137,1.3457857999999998,0.2232045170000001,1.6562463699999999,2.2289528460475454,0.3696816710488534,0.3003854694744587,0.497512343417818
Morocco,2021,25.67924822,17.42519644,16.97992445,4.615120517,4.615120517,13.87782587,1.3642094499999988,0.2232045170000001,1.6613808700000003,2.26647148290322,0.37082771464139,0.30449771137408554,0.5058866726356872
Morocco,2022,25.59809612,17.4352828,16.99826511,4.615120517,4.615120517,13.92175832,1.3825501099999986,0.2232045170000001,1.7053133200000001,2.357681118150463,0.38063363592426663,0.30859142953084673,0.5262450752167943
Morocco,2023,25.6959715,17.44550232,17.01657921,4.615120517,4.615120517,13.97815839,1.40086421,0.2232045170000001,1.7617133900000006,2.4679212363287726,0.39322238630738293,0.3126792193756367,0.5508511675488068
Mozambiq,2019,23.46492869,17.21284653,16.20575546,3.424262655,4.294560609,11.51730523,0.5900404599999991,-0.967653345,-0.6991397700000004,-0.4125207514950938,0.6765249370630311,-0.5709546248043378,0.39917708506614125
Mozambiq,2020,23.37899907,17.24249553,16.25024127,3.453157121,4.328098293,11.5595994,0.6345262700000003,-0.9387588790000003,-0.6568456000000005,-0.41678578853391246,0.6166196391320831,-0.5956671699212518,0.39126135962722686
Mozambiq,2021,23.50630325,17.2720733,16.29465162,3.481240089,4.361823927,11.6581747,0.67893662,-0.9106759110000002,-0.5582703000000002,-0.3790301505283861,0.5084033140367437,-0.618291224929761,0.34517362762890524
Mozambiq,2022,23.66155588,17.30154673,16.33887176,3.532225644,4.387014176,11.69289504,0.7231567600000002,-0.8596903560000002,-0.5235499600000004,-0.37860869277173,0.4500908514961862,-0.6216908924482069,0.32548624187362324
Mozambiq,2023,23.76560594,17.33108254,16.3831206,3.610917913,4.380775853,11.83907857,0.7674056000000018,-0.780998087,-0.37736643000000036,-0.28959311163400897,0.29472245992801965,-0.5993423055530885,0.2261716661945384
Myanmar,2019,25.04162166,17.77900041,16.60303186,4.238444906,4.539030383,12.41563907,0.9873168600000017,-0.15347109400000036,0.199194069999999,0.19666766372301955,-0.0305705318412125,-0.15152459862884546,-0.030182801505995994
Myanmar,2020,25.09279107,17.78611418,16.61946931,4.268297869,4.544358047,12.55263068,1.0037543099999997,-0.12361813099999974,0.3361856799999998,0.3374478252602805,-0.04155864543056397,-0.12408223178539432,-0.04171466946869038
Myanmar,2021,24.91813863,17.79307976,16.63624501,4.297285406,4.549657476,12.64901797,1.0205300099999999,-0.09463059399999985,0.43257296999999895,0.4414536973998286,-0.04093463709944401,-0.09657336104112577,-0.041775025608441964
Myanmar,2022,24.85447337,17.79998051,16.6533643,4.312140507,4.552823706,12.47553891,1.0376493,-0.07977549300000053,0.25909390999999893,0.2688486143457619,-0.02066934440354768,-0.08277898446860545,-0.02144753075180017
Myanmar,2023,24.92433427,17.8069693,16.67102893,4.354141431,4.56017282,12.48122593,1.0553139299999987,-0.03777456899999976,0.2647809300000006,0.2794270038273552,-0.010001985510169127,-0.039864028865445864,-0.010555234636539623
Namibia,2019,23.25234313,14.79025697,14.11773586,3.994524227,4.324132656,11.09080778,-1.49797914,-0.3973917730000003,-1.1256372199999998,1.6861810747675905,0.4473189706105913,0.5952845863616156,-0.6700744869009388
Namibia,2020,23.08258551,14.81935895,14.16606742,3.975936331,4.32677816,11.12930181,-1.4496475800000006,-0.41597966899999994,-1.0871431900000008,1.575974494496982,0.4522294643318044,0.6030239204950512,-0.6555733485732967
Namibia,2021,23.24116279,14.8488904,14.2141068,4.028916757,4.32677816,11.13454591,-1.4016082,-0.36299924299999997,-1.0818990900000003,1.5163986361165385,0.39272855067238893,0.5087827155825926,-0.5504515569965359
Namibia,2022,23.25436173,14.87665044,14.25964943,4.046553898,4.328098293,11.13043373,-1.3560655700000002,-0.34536210200000017,-1.0860112700000002,1.4727024918789744,0.3750671350028898,0.46833365570502844,-0.5086156282159607
Namibia,2023,23.2370049,14.90174523,14.30183343,4.055257174,4.33073334,11.21586865,-1.3138815699999995,-0.33665882599999986,-1.0005763499999993,1.314638825642868,0.3368528593143647,0.44232982685923644,-0.4425847636549465
Nepal,2019,24.25508733,17.16239483,15.56057789,4.509760001,4.555979942,10.89760014,-0.05513711000000043,0.11784400099999992,-1.3188448600000005,0.0727172941187552,-0.1554179550006848,-0.006497577645977156,0.008569296880847876
Nepal,2020,24.23282899,17.18165314,15.60060839,4.509760001,4.555979942,11.06091818,-0.015106610000000131,0.11784400099999992,-1.1555268200000004,0.017456093014280357,-0.13617190373160679,-0.0017802233639466242,0.002057095842630946
Nepal,2021,24.33215037,17.19905338,15.63878662,4.509760001,4.555979942,11.24528343,0.023071619999999626,0.11784400099999992,-0.9711615699999996,-0.022406270701643027,-0.11444556502624144,0.002718852010351574,-0.00264044458697069
Nepal,2022,24.44128992,17.20717723,15.66777841,4.525044142,4.592084946,11.46270183,0.05206341000000059,0.13312814199999945,-0.7537431699999999,-0.03924243969441014,-0.10034442776728972,0.00693110503948427,-0.0052242730840638485
Nepal,2023,24.43459327,17.20647627,15.68792978,4.553876892,4.574710979,11.7500987,0.07221477999999948,0.16196089199999975,-0.46634629999999966,-0.03367709545831373,-0.07552986272889943,0.011695970184383658,-0.005454372420397632
Netherla,2019,27.55727016,16.66880763,16.58407727,4.615120517,4.615120517,14.34850512,0.9683622700000019,0.2232045170000001,2.1320601200000002,2.0646065775796765,0.47588544929956234,0.2161428327563741,0.460829513943695
Netherla,2020,27.56120025,16.67436304,16.59354337,4.615120517,4.615120517,14.28244707,0.9778283699999992,0.2232045170000001,2.0660020699999997,2.020195436524724,0.4611409941553503,0.21825570903474723,0.4509167466551054
Netherla,2021,27.6840614,16.67959794,16.60241445,4.615120517,4.615120517,14.24344467,0.9866994500000015,0.2232045170000001,2.0269996700000004,2.000039459539185,0.4524354823015097,0.22023577416141607,0.446417841547385
Netherla,2022,27.67651136,16.68913073,16.61533348,4.615120517,4.615120517,13.94724745,0.9996184800000005,0.2232045170000001,1.7308024500000005,1.7301421142492774,0.38632292487466696,0.22311936001267438,0.38617553495236895
Netherla,2023,27.77456832,16.69903213,16.62838433,4.615120517,4.615120517,13.95848754,1.0126693299999996,0.2232045170000001,1.74204254,1.7641130518132975,0.38883176373415335,0.22603236868336363,0.3937580016633832
New Cale,2019,22.97199175,12.55534476,12.21431855,4.615120517,4.615120517,9.054328603,-3.40139645,0.2232045170000001,-3.162116397,10.755611487242591,-0.7057986630901656,-0.759207051747765,2.4007010670496354
New Cale,2020,22.96977035,12.55735256,12.22213299,4.615120517,4.615120517,9.159178237,-3.3935820099999994,0.2232045170000001,-3.0572667629999994,10.37508548668773,-0.6823957511755686,-0.7574628334419394,2.3157659448898458
New Cale,2021,23.03296056,12.56099856,12.23145283,4.615120517,4.615120517,9.135073044,-3.3842621699999995,0.2232045170000001,-3.081371956,10.428170542389703,-0.6877761391363255,-0.7553826030562222,2.327614769107723
New Cale,2022,22.98745502,12.56766946,12.24367185,4.615120517,4.615120517,9.03766654,-3.3720431499999997,0.2232045170000001,-3.17877846,10.718978131410548,-0.7095177108143041,-0.7526552625989088,2.3925243365550553
New Cale,2023,,12.57719128,12.25862714,4.615120517,4.615120517,9.230979621,-3.35708786,0.2232045170000001,-2.9854653790000008,10.022469580291201,-0.6663693579399174,-0.7493171743178639,2.237060481816091
New Zeal,2019,26.083839,15.42077999,15.27708283,4.615120517,4.615120517,12.33692107,-0.33863217000000034,0.2232045170000001,0.12047607000000049,-0.04079707301717211,0.026890803014408313,-0.075584229945512,-0.009106090977811638
New Zeal,2020,26.08313695,15.44282788,15.30009996,4.615120517,4.615120517,12.33607352,-0.31561503999999907,0.2232045170000001,0.11962851999999913,-0.037756560124940414,0.026701626026024657,-0.0704467025611355,-0.008427434766268787
New Zeal,2021,26.25919786,15.44696453,15.30527422,4.615120517,4.615120517,12.30176102,-0.3104407800000004,0.2232045170000001,0.08531602000000049,-0.026485571795295787,0.01904292103646246,-0.06929178435700338,-0.005911699260037821
New Zeal,2022,26.23157474,15.44811817,15.3075219,4.615120517,4.615120517,12.33009313,-0.30819310000000044,0.2232045170000001,0.11364812999999963,-0.03502556949390293,0.025366775964603138,-0.06879009202823283,-0.007817865321536542
New Zeal,2023,26.25339113,15.46860184,15.32916748,4.615120517,4.615120517,12.44368859,-0.28654751999999917,0.2232045170000001,0.2272435900000005,-0.06511608715039675,0.05072179574729616,-0.06395870079914769,-0.014534204781334222
Nicaragu,2019,23.26479136,15.68479542,15.15308673,4.462453884,4.615120517,11.13201169,-0.46262826999999973,0.07053788400000016,-1.0844333099999997,0.5016895061356732,-0.07649363102651618,-0.03263281924438074,0.03538811618781549
Nicaragu,2020,23.26341554,15.69730389,15.16987453,4.465908119,4.615120517,11.14959898,-0.44584047000000027,0.07399211899999969,-1.0668460199999998,0.4756431309744296,-0.07893819766651604,-0.03298868111125581,0.03519384314859243
Nicaragu,2021,23.37256065,15.70933642,15.18638768,4.469350463,4.615120517,11.11596061,-0.4293273200000005,0.07743446299999945,-1.10048439,0.4724680138605354,-0.08521541777953198,-0.03324473047542897,0.03658530693796686
Nicaragu,2022,23.47373018,15.72218302,15.20392991,4.471638793,4.615120517,11.09858086,-0.4117850900000004,0.07972279300000018,-1.11786414,0.46031978549767305,-0.08911925143534322,-0.032828657490556475,0.03669797897303547
Nicaragu,2023,23.60410442,15.7358998,15.2225544,4.492001488,4.615120517,11.09755963,-0.39316059999999986,0.1000854879999995,-1.118885370000001,0.43990164340042226,-0.1119841882725101,-0.03934967051337259,0.04402777065173302
Niger,2019,23.27968317,16.9487308,15.14795098,2.970414466,4.154184563,10.21396159,-0.4677640200000006,-1.4215015340000003,-2.00248341,0.9366896898449094,2.8465332391245517,0.6649272719800077,-1.331505830996523
Niger,2020,23.34391572,16.98172854,15.18752621,2.980618636,4.171305603,10.35263805,-0.4281887900000001,-1.4112973640000002,-1.8638069500000007,0.798061242714091,2.6303858355398813,0.6043017106213497,-1.1263017281529608
Niger,2021,23.42563342,17.01427106,15.22755892,2.975529566,4.203198967,10.51191859,-0.3881560799999999,-1.416386434,-1.7045264099999997,0.6616222895620725,2.4142680835187216,0.5497790059866187,-0.9371128353677395
Niger,2022,23.45982916,17.04678812,15.26857673,3.020424886,4.206184044,10.62847277,-0.3471382700000003,-1.3714911140000003,-1.58797223,0.5512459327302426,2.1778898027237648,0.47609705263433333,-0.7560288983681697
Niger,2023,23.54578517,17.07973704,15.31095188,3.04927304,4.225372825,10.6763908,-0.3047631200000005,-1.34264296,-1.5400542000000002,0.46935172296110483,2.0677429296484324,0.40918805753563586,-0.6301717865975978
Nigeria,2019,26.88556432,19.16016576,18.48989491,4.032469159,4.441474093,13.77276888,2.8741799100000005,-0.35944684100000046,1.556323879999999,4.473154829349249,-0.5594157022388634,-1.0331148891151658,-1.6078613727134836
Nigeria,2020,26.79215173,19.18146873,18.52673425,4.032469159,4.441474093,13.70194284,2.9110192500000007,-0.35944684100000046,1.485497839999999,4.324312808073418,-0.5339575059003238,-1.0463566735026908,-1.5543605783578314
Nigeria,2021,26.8119334,19.2024306,18.56274836,4.102643365,4.502029427,13.7490385,2.9470333600000007,-0.28927263500000056,1.532593499999999,4.516604171819158,-0.4433373601288731,-0.8524961054801055,-1.3065299900341232
Nigeria,2022,26.89162767,19.22335877,18.59826269,4.119037175,4.49980967,13.48619453,2.9825476899999988,-0.27287882500000027,1.2697495300000003,3.787088527580085,-0.3464877597907027,-0.8138741091536648,-1.0334162675770349
Nigeria,2023,26.61999745,19.24434266,18.63338358,4.130355,4.454347296,13.44577389,3.0176685800000005,-0.2615610000000004,1.2293288899999997,3.709707165839276,-0.3215444937972904,-0.7893044114533813,-0.9703147160040883
North Ma,2019,23.25746558,14.44479259,13.90364597,4.615120517,4.615120517,11.45603901,-1.7120690300000003,0.2232045170000001,-0.7604059900000006,1.3018675457054911,-0.16972605172185706,-0.38214154091180874,0.2905827167371697
North Ma,2020,23.23781518,14.43400154,13.89755035,4.615120517,4.615120517,11.48560999,-1.7181646500000003,0.2232045170000001,-0.7308350099999998,1.2556948791643965,-0.1631256754137402,-0.3835021108297243,0.2802767690032626
North Ma,2021,23.36234344,14.42370696,13.89244104,4.615120517,4.615120517,11.58116025,-1.7232739600000002,0.2232045170000001,-0.6352847500000003,1.0947696668601106,-0.14179842578121588,-0.38464253190047754,0.244357534717762
North Ma,2022,23.35748552,14.42076215,13.89512825,4.615120517,4.615120517,11.35477108,-1.720586749999999,0.2232045170000001,-0.8616739199999994,1.482584729572558,-0.1923295111250966,-0.3840427344903497,0.3309196084758186
North Ma,2023,23.48097071,14.41863292,13.89908671,4.615120517,4.615120517,11.33606447,-1.7166282899999992,0.2232045170000001,-0.88038053,1.5112861237631932,-0.19650491097485412,-0.3831591883379859,0.3373258893033659
Norway,2019,26.73635204,15.49221396,15.30124723,4.615120517,4.615120517,14.22052448,-0.31446777000000026,0.2232045170000001,2.0040794799999997,-0.63021840497836,0.4473195923630113,-0.07019062671491717,-0.1406675946877053
Norway,2020,26.63035213,15.49810153,15.31145878,4.615120517,4.615120517,13.97814575,-0.3042562199999992,0.2232045170000001,1.7617007499999993,-0.5360084109661634,0.3932195650022878,-0.06791136262934559,-0.11963949847764005
Norway,2021,26.94458732,15.50344925,15.32100362,4.615120517,4.615120517,14.26042272,-0.29471137999999897,0.2232045170000001,2.043977719999999,-0.6023834945504513,0.45622505975136124,-0.06578091122730326,-0.13445471694990566
Norway,2022,27.1096854,15.5124332,15.33407189,4.615120517,4.615120517,14.11899517,-0.2816431099999992,0.2232045170000001,1.9025501699999996,-0.5358401468098271,0.424657791763118,-0.06286401433392771,-0.11960194115789659
Norway,2023,26.9080554,15.52381505,15.34940217,4.615120517,4.615120517,14.30584371,-0.2663128300000004,0.2232045170000001,2.0893987099999993,-0.5564336834584499,0.4663632298859731,-0.05944222659105322,-0.12419851155887426
Oman,2019,25.20129398,15.33966113,15.18234046,4.615120517,4.615120517,13.9262842,-0.4333745399999991,0.2232045170000001,1.7098391999999993,-0.7410007767739661,0.3816438327836664,-0.09673115488079702,-0.165394720476458
Oman,2020,25.05280758,15.32457505,15.17695649,4.615120517,4.615120517,13.82498491,-0.43875850999999955,0.2232045170000001,1.6085399099999993,-0.7057605741871331,0.35903337368677346,-0.09793288130418962,-0.15752894807908177
Oman,2021,25.19288885,15.31968239,15.18092596,4.615120517,4.615120517,13.83731767,-0.43478904000000007,0.2232045170000001,1.620872669999999,-0.7047376721515365,0.3617861014258503,-0.09704687767009373,-0.1573006317242881
Oman,2022,25.441263,15.36948375,15.23880538,4.615120517,4.615120517,13.80834388,-0.3769096199999993,0.2232045170000001,1.5918988800000005,-0.6000020019392246,0.3553190206232412,-0.08412792968475341,-0.13392315704187774
Oman,2023,25.41287756,15.43475424,15.31145609,4.615120517,4.615120517,13.8312154,-0.3042589099999997,0.2232045170000001,1.6147703999999994,-0.49130828180426334,0.36042404719789684,-0.06791196304949644,-0.10966222773822054
Pakistan,2019,26.4944249,19.25706599,18.26029705,4.552823706,4.608165695,13.97797267,2.6445820499999986,0.1609077059999997,1.7615276699999995,4.65850445666032,0.28344337643522444,0.42553363099427627,0.749589265511987
Pakistan,2020,26.42846601,19.27510351,18.28530079,4.559126247,4.611152258,13.98760952,2.669585790000001,0.16721024699999987,1.7711645199999992,4.728275634344171,0.29615685686683607,0.44638209933358997,0.7906161367027699
Pakistan,2021,26.57695183,19.29397129,18.31154076,4.563305982,4.614129927,14.06609728,2.69582576,0.171389982,1.849652279999999,4.98634026346673,0.3170118709754588,0.4620375284815363,0.854608768001438
Pakistan,2022,26.64989928,19.31145126,18.33676312,4.564348191,4.615120517,14.09547631,2.7210481200000007,0.1724321909999995,1.8790313100000002,5.112934613496639,0.3240054857408993,0.46919628914802974,0.8816345178449613
Pakistan,2023,26.54605224,19.32693931,18.36040736,4.570578741,4.615120517,14.16771368,2.74469236,0.17866274100000012,1.95126868,5.3556322383032855,0.3486190107962521,0.49037426023935915,0.9568519354832309
Panama,2019,24.96859882,15.25882328,14.87402802,4.552823706,4.611152258,11.73743496,-0.741686979999999,0.1609077059999997,-0.47901004000000036,0.35527550995727897,-0.07707640668736816,-0.1193431505218675,0.057166567305205813
Panama,2020,24.76736649,15.27255737,14.89296492,4.567468319,4.613138356,11.75383139,-0.7227500799999991,0.17555231899999946,-0.46261361,0.3343540236365884,-0.08121289203646134,-0.12688045260143496,0.05869662421638372
Panama,2021,24.93385733,15.28462975,14.91029988,4.567468319,4.613138356,11.75113545,-0.7054151199999996,0.17555231899999946,-0.4653095500000006,0.3282363920503963,-0.08168617055534631,-0.12383726017366282,0.05762265980464005
Panama,2022,25.05762571,15.29729099,14.92826865,4.564348191,4.605170186,11.75221115,-0.6874463500000001,0.1724321909999995,-0.4642338499999994,0.31913586572894714,-0.08004885989186501,-0.11853788032545254,0.055029296554324016
Panama,2023,25.14593257,15.31038126,14.94671071,4.584967479,4.615120517,11.90200498,-0.6690042900000002,0.1930514790000002,-0.31444002000000104,0.21036172232768655,-0.06070311091778984,-0.12915226764184506,0.04061064162034725
Papua Ne,2019,23.93211662,16.07821186,14.05704005,3.202746443,4.204692619,10.33035092,-1.5586749500000003,-1.189169557,-1.8860940799999995,2.9398075958392957,2.242885661573922,1.8535287997984977,-3.495929696409451
Papua Ne,2020,23.89498497,16.09949849,14.08547052,3.068052935,4.192680463,10.49707248,-1.5302444800000004,-1.3238630650000003,-1.7193725200000003,2.6310603077936907,2.2762137742039745,2.025834147492132,-3.4831635632755993
Papua Ne,2021,23.98556176,16.11938452,14.11363987,3.086486637,4.192680463,10.56456522,-1.5020751299999997,-1.305429363,-1.6518797799999998,2.4812475352878707,2.1564123689579797,1.9608529801340417,-3.2390933894361646
Papua Ne,2022,24.17791797,16.13820901,14.14178454,2.995732274,4.191168747,10.40252305,-1.47393046,-1.3961837260000003,-1.813921950000001,2.6735948141675987,2.5325683068241878,2.0578777215076944,-3.7328295694587963
Papua Ne,2023,24.14848058,16.15631933,14.17022328,3.068052935,4.192680463,10.46023092,-1.4454917199999997,-1.3238630650000003,-1.7562140799999995,2.538592911187416,2.324986954744955,1.9136330988713217,-3.3607493921918463
Paraguay,2019,24.35888528,15.68962682,15.20963766,4.6121458,4.614129927,12.97954737,-0.4060773399999995,0.22022980000000025,0.7631023700000004,-0.30987858055729556,0.16805788232462626,-0.089430331372732,-0.06824449782041718
Paraguay,2020,24.29088623,15.70314671,15.22805826,4.6121458,4.614129927,13.0802964,-0.3876567400000006,0.22022980000000025,0.8638513999999997,-0.33487781756843643,0.19024582105172017,-0.08537356631885223,-0.07375007478753333
Paraguay,2021,24.41091704,15.71525455,15.24518691,4.615120517,4.615120517,13.18515635,-0.37052809000000053,0.2232045170000001,0.9687113499999995,-0.35893476627682186,0.21622074898916793,-0.08270354336338269,-0.08011586114132595
Paraguay,2022,24.45981366,15.72660223,15.26167373,4.615120517,4.615120517,13.25091181,-0.35404126999999974,0.2232045170000001,1.0344668099999996,-0.3662439431852483,0.2308976646785808,-0.07902361066841657,-0.08174730244283883
Paraguay,2023,24.48344831,15.73890439,15.27923136,4.613138356,4.615120517,13.37737636,-0.3364836399999991,0.22122235600000018,1.1609313599999993,-0.3906344098029491,0.2568239706134842,-0.07443770359625569,-0.08641706447127796
Peru,2019,26.15412789,17.29518955,17.04799662,4.570578741,4.606169686,13.41136077,1.4322816199999995,0.17866274100000012,1.1949157699999997,1.7114558948191463,0.21348692673232567,0.25589536011312053,0.3057734012689966
Peru,2020,26.02860695,17.3071146,17.0624537,4.576770711,4.605170186,13.35794989,1.4467386999999992,0.18485471099999984,1.1415048900000002,1.6514593006022424,0.21101255654603665,0.2674364642810153,0.30528003174108936
Peru,2021,26.14536721,17.31673072,17.07465916,4.570578741,4.604169686,13.43826622,1.4589441599999997,0.17866274100000012,1.221821219999999,1.7825689334830732,0.21829392817716398,0.2606589625915427,0.3184786516775328
Peru,2022,26.23058222,17.32632256,17.0868972,4.576770711,4.605170186,13.54646941,1.4711821999999994,0.18485471099999984,1.33002441,1.9567082375575013,0.2458612779334953,0.27195496040934386,0.36170673576501094
Peru,2023,26.31277131,17.3373201,17.10060995,4.576770711,4.605170186,13.71325182,1.4848949499999993,0.18485471099999984,1.4968068199999998,2.2226008881435577,0.27669179213392875,0.2744898268476091,0.4108582448461203
Philippi,2019,26.65504249,18.52327961,17.77142223,4.567468319,4.593097605,12.83659123,2.155707229999999,0.17555231899999946,0.6201462299999996,1.3368537116682415,0.10886810879560696,0.37843940331156506,0.23468776924711643
Philippi,2020,26.61422237,18.53473475,17.78835557,4.578826211,4.597138014,12.85410053,2.1726405700000004,0.18691021099999983,0.63765553,1.3853962741628523,0.11918432965761672,0.40608870736585995,0.2589447099223923
Philippi,2021,26.69983845,18.54379135,17.80321709,4.590056548,4.601162165,12.90178949,2.1875020900000006,0.19814054799999958,0.6853444900000003,1.4991925042449852,0.1357945328173803,0.43343286286374455,0.2970508243485931
Philippi,2022,26.72555501,18.55139614,17.81694769,4.562262685,4.59511985,12.96364963,2.2012326899999994,0.17034668500000016,0.7472046300000006,1.6447712576753555,0.12728383173715177,0.3749726916551329,0.2801813313282779
Philippi,2023,26.80353393,18.55949615,17.83148834,4.59511985,4.599152114,13.09463298,2.21577334,0.20320384999999952,0.8781879799999999,1.945865513592453,0.17845117855972256,0.450253673415358,0.3954073639442129
Poland,2019,27.12465847,17.45218778,16.94197864,4.615120517,4.615120517,14.86992999,1.3262636399999987,0.2232045170000001,2.653484989999999,3.519220661522759,0.5922698355596999,0.29602803518086174,0.7855059479716082
Poland,2020,27.13000429,17.45043716,16.94032798,4.615120517,4.615120517,14.83127162,1.3246129799999995,0.2232045170000001,2.6148266200000005,3.463633281301527,0.583641112755843,0.2956596004128307,0.7730985936180328
Poland,2021,27.25875415,17.42592997,16.9163536,4.615120517,4.615120517,15.0196616,1.300638600000001,0.2232045170000001,2.803216599999999,3.6459717141207615,0.6256906072493823,0.2903084105045565,0.813797355445987
Poland,2022,27.26805136,17.42159926,16.91300452,4.615120517,4.615120517,14.91578971,1.2972895200000014,0.2232045170000001,2.69934471,3.501831603150443,0.6025059322120554,0.2895608807207623,0.7816246315965307
Poland,2023,27.4193128,17.41794268,16.91074381,4.615120517,4.615120517,14.81789449,1.2950288099999998,0.2232045170000001,2.6014494900000003,3.3689520373098065,0.5806552769153467,0.28905628003713485,0.7519653122839017
Portugal,2019,26.20438785,16.14631997,15.72722241,4.615120517,4.615120517,14.026646,0.11150740999999975,0.2232045170000001,1.8102009999999993,0.20185082508940946,0.404045039877917,0.024888957590970925,0.04505401592013314
Portugal,2020,26.15968626,16.14737111,15.73654163,4.615120517,4.615120517,13.91240267,0.12082662999999982,0.2232045170000001,1.6959576700000003,0.20491684988875183,0.3785454125847956,0.026969049589887682,0.04573836650458038
Portugal,2021,26.26866154,16.15363961,15.75090576,4.615120517,4.615120517,13.91662025,0.1351907600000004,0.2232045170000001,1.7001752499999991,0.22984798418069058,0.37948679549160425,0.030175188288663026,0.051303108292474704
Portugal,2022,26.27194758,16.16061218,15.76580508,4.615120517,4.615120517,13.89268385,0.15009008000000001,0.2232045170000001,1.676238849999999,0.25158682309560787,0.3741440828908854,0.03350078381289138,0.056155315332619624
Portugal,2023,26.39008791,16.17430347,15.78725775,4.615120517,4.615120517,13.9267754,0.1715427500000004,0.2232045170000001,1.7103304000000001,0.29339478022460075,0.381753470842417,0.03828911665860186,0.06548704021035319
Puerto R,2019,25.37842927,14.97668911,14.91029285,4.615120517,4.615120517,12.14496241,-0.7054221500000004,0.2232045170000001,-0.07148259000000046,0.05042540232536885,-0.01595523697485914,-0.15745341027185172,0.011255177570564637
Puerto R,2020,25.35926489,15.00382887,14.93748612,4.615120517,4.615120517,12.12889576,-0.6782288799999989,0.2232045170000001,-0.08754923999999953,0.059378422990050785,-0.019541385827916983,-0.1513837495758508,0.013253532223715989
Puerto R,2021,25.39072138,14.99806379,14.93183866,4.615120517,4.615120517,12.17067747,-0.6838763399999994,0.2232045170000001,-0.04576753000000089,0.03129933090724078,-0.010215519427933212,-0.15264428815742773,0.0069861520375738536
Puerto R,2022,25.45566057,14.98492732,14.91889444,4.615120517,4.615120517,12.1365416,-0.696820559999999,0.2232045170000001,-0.07990340000000096,0.05567833193390459,-0.01783479980365802,-0.15553349653046938,0.012427655186672857
Puerto R,2023,25.49312215,14.98043854,14.91466203,4.615120517,4.615120517,12.20495311,-0.7010529699999992,0.2232045170000001,-0.011491890000000282,0.00805642361541349,-0.002565041756867194,-0.15647818956026538,0.0017982301418257623
Qatar,2019,25.89585709,14.78578101,14.77762783,4.615120517,4.615120517,13.65035315,-0.8380871699999997,0.2232045170000001,1.4339081500000006,-1.2017400234734354,0.32005477604311383,-0.1870648419837469,-0.268233801498957
Qatar,2020,25.69593175,14.84303815,14.83535882,4.615120517,4.615120517,13.69408319,-0.7803561800000001,0.2232045170000001,1.4776381900000004,-1.1530840933705147,0.3298155184997045,-0.17417902424486514,-0.2573735781211487
Qatar,2021,25.91473274,14.73376376,14.72651776,4.615120517,4.615120517,13.74109037,-0.8891972399999997,0.2232045170000001,1.52464537,-1.3557104549827783,0.34030773340713644,-0.1984728404719331,-0.3026006972962814
Qatar,2022,26.18586521,14.79283392,14.78599057,4.615120517,4.615120517,13.75973519,-0.8297244300000006,0.2232045170000001,1.5432901900000005,-1.280505573222343,0.34446934144978847,-0.18519824064125054,-0.2858146279869013
Qatar,2023,26.08457119,14.79234421,14.78586325,4.615120517,4.615120517,13.78530216,-0.8298517499999996,0.2232045170000001,1.5688571600000003,-1.3019188597260296,0.3501760046397919,-0.18522665904035474,-0.29059417025833933
Romania,2019,26.25141268,16.77932116,16.1646894,4.615120517,4.615120517,13.67507546,0.5489744000000005,0.2232045170000001,1.4586304600000002,0.8007507816002248,0.32557290730578803,0.12253356579736498,0.17873119144445077
Romania,2020,26.25282901,16.77381356,16.16121366,4.615120517,4.615120517,13.7436233,0.5454986600000016,0.2232045170000001,1.5271782999999992,0.83307371623108,0.3408730948243811,0.12175776492944763,0.18594581645675337
Romania,2021,26.38127727,16.7663532,16.15624117,4.615120517,4.615120517,13.87833347,0.5405261700000015,0.2232045170000001,1.6618884699999992,0.8982942096562619,0.37094101325421897,0.12064788270071028,0.20050332519022276
Romania,2022,26.41482173,16.76249907,16.15532775,4.615120517,4.615120517,13.83648896,0.5396127500000016,0.2232045170000001,1.6200439600000003,0.8741963763764928,0.36160112961056756,0.12044400323079217,0.19512457995226537
Romania,2023,26.58341327,16.76307517,16.15925669,4.615120517,4.615120517,13.87729733,0.5435416899999996,0.2232045170000001,1.660852329999999,0.9027424822886366,0.3707097421259746,0.1213209603858137,0.20149619973461627
Russia,2019,28.15759115,18.79536558,18.50216162,4.613138356,4.607168189,17.06462806,2.886446619999999,0.22122235600000018,4.84818306,13.994021606678254,1.0725264788524902,0.638546521744637,3.095790429744271
Russia,2020,28.03185947,18.79393356,18.5029661,4.614129927,4.607168189,17.04821528,2.8872510999999985,0.22221392699999942,4.831770280000001,13.950534055877302,1.0736866482806868,0.6415874051660677,3.100002956303725
Russia,2021,28.24262863,18.79049631,18.50193386,4.615120517,4.607168189,17.15601,2.8862188600000014,0.2232045170000001,4.939564999999998,14.256665663195902,1.102533220015105,0.6442170866025912,3.1821521733841274
Russia,2022,28.44905018,18.78696788,18.5009644,4.615120517,4.606169686,17.12707167,2.885249400000001,0.2232045170000001,4.910626669999999,14.168382653241501,1.0960740540446687,0.6440006987515403,3.162447006787949
Russia,2023,28.33482208,18.7841157,18.50083726,4.615120517,4.615120517,17.2201415,2.885122260000001,0.2232045170000001,5.0036965,14.436276154434095,1.1168476604970912,0.6439723205292489,3.222242046329081
Rwanda,2019,23.06018476,16.36308711,14.60937509,3.862832761,4.470495283,9.625819366,-1.0063399099999994,-0.5290832390000002,-2.5906256340000002,2.6070499673632517,1.3706566014731492,0.5324375791177685,-1.3793464409673941
Rwanda,2020,23.04313936,16.3855116,14.6386495,3.832979798,4.552823706,9.770803792,-0.9770655000000001,-0.5589362019999999,-2.4456412079999996,2.389551649715124,1.3669574082542117,0.546117279675231,-1.3356069235746058
Rwanda,2021,23.1274396,16.40742095,14.66833015,3.906004933,4.59511985,10.00156627,-0.9473848500000006,-0.485911067,-2.2148787300000006,2.0983425533892426,1.0762340869699052,0.4603447833231352,-1.0196078690488712
Rwanda,2022,23.31224424,16.42932561,14.69890613,3.943521672,4.59511985,10.15489113,-0.9168088700000006,-0.448394328,-2.061553870000001,1.8900508739988289,0.9243890621744498,0.41109189716808964,-0.8474880915325176
Rwanda,2023,23.36928236,16.45131059,14.73049444,4.172847624,4.614129927,10.52727848,-0.8852205600000005,-0.21906837600000006,-1.6891665200000006,1.4952849327676525,0.37004296632997175,0.19392383048101072,-0.32756964187867893
Saudi Ar,2019,27.4549577,17.21883235,17.04525249,4.615120517,4.615120517,15.98976227,1.4295374899999995,0.2232045170000001,3.7733172699999997,5.39409849912945,0.8422214587381089,0.3190792249888424,1.2039871501486146
Saudi Ar,2020,27.32214428,17.26716373,17.09622119,4.615120517,4.615120517,15.96952708,1.4805061900000016,0.2232045170000001,3.7530820800000004,5.5564612510180815,0.8377048729277559,0.3304556690544607,1.2402272497627072
Saudi Ar,2021,27.49652469,17.24251811,17.07419412,4.615120517,4.615120517,15.98171483,1.4584791200000016,0.2232045170000001,3.7652698299999994,5.491567428220955,0.8404252337798224,0.3255391275341855,1.2257426553889907
Saudi Ar,2022,27.73409334,17.2867073,17.12099507,4.615120517,4.615120517,15.95697245,1.5052800699999995,0.2232045170000001,3.74052745,5.63054142177292,0.8349026228024921,0.33598531097407625,1.2567622784953185
Saudi Ar,2023,27.69641827,17.3199951,17.15688776,4.615120517,4.615120517,15.98450551,1.5411727600000003,0.2232045170000001,3.7680605099999998,5.807232216043708,0.841048126161324,0.3439967215093571,1.296200461888876
Senegal,2019,23.87617261,16.60991722,15.86869269,4.268297869,4.566429358,11.03324611,0.2529776899999998,-0.12361813099999974,-1.18319889,-0.29932292200276384,0.14626483538307428,-0.0312726292224973,0.037001740183440365
Senegal,2020,23.92318361,16.63624757,15.90481691,4.178992036,4.532599493,11.13839462,0.2891019099999994,-0.2129239639999998,-1.0780503800000005,-0.31166642393422533,0.22954276030130621,-0.061556724677171056,0.06636125042977967
Senegal,2021,24.03820734,16.66163246,15.94008583,4.234106505,4.552823706,11.34073028,0.32437082999999944,-0.1578094950000004,-0.8757147199999995,-0.28405631056961694,0.13819609772726668,-0.0511887968750309,0.04482678292255453
Senegal,2022,24.04178712,16.68630889,15.97471258,4.232656178,4.580877493,11.55447962,0.3589975800000005,-0.1592598220000001,-0.6619653799999998,-0.23764396946378066,0.1054244885889624,-0.05717389068923087,0.03784713627617516
Senegal,2023,24.15234855,16.71018272,16.00857996,4.320151231,4.575741375,11.74520447,0.39286495999999893,-0.0717647690000005,-0.4712405300000011,-0.18513389196882873,0.03381846777888789,-0.028193863102594363,0.013286090991214044
Sierra L,2019,22.59868877,15.86087708,15.00483459,3.165475048,3.958906591,7.818477214,-0.61088041,-1.2264409520000004,-4.397967786000001,2.6866323642784726,5.393847798327174,0.7492087515985506,-3.294995954519702
Sierra L,2020,22.62366964,15.8839618,15.03819952,3.306886702,4.025351691,7.827040546,-0.5775154800000006,-1.0850292980000003,-4.389404454,2.534949020165951,4.762632433361695,0.6266212158485339,-2.75049395581645
Sierra L,2021,22.69250382,15.9067081,15.07135221,3.349904087,4.060443011,7.903257033,-0.5443627899999992,-1.042011913,-4.313187967,2.3479390355105445,4.494393244622251,0.5672325121739165,-2.4465804459997176
Sierra L,2022,22.68605239,15.92896794,15.10413917,3.414442608,4.030694535,8.195089227,-0.51157583,-0.9774733920000003,-4.021355773,2.0572284172977664,3.930768267873093,0.5000517618153154,-2.0108860391748395
Sierra L,2023,22.58141673,15.95092037,15.13673506,3.597312261,4.048300624,8.321722991,-0.4789799400000003,-0.7946037390000003,-3.8947220090000005,1.865493714187501,3.094760670716993,0.38059925122999605,-1.4823282803743862
Slovakia,2019,25.38522741,15.51188698,14.89066997,4.615120517,4.615120517,12.39537382,-0.7250450300000004,0.2232045170000001,0.17892881999999943,-0.12973145166476427,0.039937720845479835,-0.16183332572440068,-0.02895664600854257
Slovakia,2020,25.40291809,15.51274467,14.89210421,4.615120517,4.615120517,12.39343758,-0.7236107900000004,0.2232045170000001,0.1769925800000003,-0.12807374063793847,0.03950554333148394,-0.16151319687793858,-0.028586637419474342
Slovakia,2021,25.51568058,15.51062108,14.89109609,4.615120517,4.615120517,12.52968781,-0.7246189100000002,0.2232045170000001,0.3132428100000002,-0.22698166354753732,0.06991721010977285,-0.1617382138156166,-0.050663332579984593
Slovakia,2022,25.47624046,15.50777248,14.88989982,4.615120517,4.615120517,12.43000507,-0.7258151799999997,0.2232045170000001,0.21356006999999977,-0.15500514064786236,0.04766757227483616,-0.16200522668316805,-0.0345978475508232
Slovakia,2023,25.61292553,15.50684933,14.89116328,4.615120517,4.615120517,12.40790918,-0.7245517199999991,0.2232045170000001,0.19146418000000054,-0.1387257009373898,0.0427356698197012,-0.16172321670411913,-0.030964203073216557
Slovenia,2019,24.71058039,14.55190208,13.95082349,4.615120517,4.615120517,11.44798853,-1.6648915100000004,0.2232045170000001,-0.7684564700000003,1.2793966527075704,-0.17152295522187513,-0.3716113053469509,0.28556711191901013
Slovenia,2020,24.70079115,14.55859962,13.9629059,4.615120517,4.615120517,11.43218955,-1.652809099999999,0.2232045170000001,-0.7842554499999999,1.296224544484594,-0.1750493589218677,-0.3689144568587046,0.2893231733752289
Slovenia,2021,24.842779,14.56128814,13.97118522,4.615120517,4.615120517,11.54813853,-1.6445297799999992,0.2232045170000001,-0.668306470000001,1.0990498920816776,-0.1491690228443253,-0.36706647523701624,0.2453129003209931
Slovenia,2022,24.81640472,14.56318238,13.9789075,4.615120517,4.615120517,11.49245471,-1.6368074999999997,0.2232045170000001,-0.7239902899999997,1.1850327365991744,-0.16159790299213994,-0.3653428274594776,0.264504659601807
Slovenia,2023,24.95952175,14.56714455,13.98889648,4.615120517,4.615120517,11.50436156,-1.6268185200000005,0.2232045170000001,-0.7120834400000007,1.1584305279773102,-0.1589402402888987,-0.3631132420032551,0.25856692647523066
Solomon,2019,21.20517026,13.4982596,12.07985728,4.254193263,4.33073334,7.009455576,-3.535857719999999,-0.13772273699999982,-5.2069894240000005,18.41117375280875,0.7171208350033326,0.4869680028409789,-2.5356372406193795
Solomon,2020,21.1525424,13.52046679,12.1208905,4.302712828,4.357990057,7.118731949,-3.4948245,-0.08920317200000039,-5.097713051,17.815612464604552,0.4547321740949998,0.31174943098331537,-1.5892091429654707
Solomon,2021,21.14381324,13.54447844,12.16329562,4.347693956,4.384523515,7.127815077,-3.4524193800000003,-0.044222044000000515,-5.088629923,17.56808456381311,0.22502961635462523,0.15267304172881452,-0.7768966085766732
Solomon,2022,21.17202073,13.56841621,12.20521728,4.343805422,4.382026635,7.058261561,-3.4104977200000004,-0.04811057800000018,-5.158183439,17.59197285805126,0.24816318668031867,0.1640810165768828,-0.8463599823611613
Solomon,2023,21.21388022,13.59237451,12.24672503,4.410371108,4.409155302,7.214983329,-3.3689899699999994,0.018455107999999498,-5.001461671,16.849874204938438,-0.09230251529616297,-0.06217507374726506,0.3109662482385446
Somalia,2019,22.88140579,16.59003316,15.80376155,3.916015027,4.261270434,8.827688205,0.18804655000000103,-0.47590097300000034,-3.388756795000001,-0.6372440240888109,1.612712656000863,-0.08949153611429371,0.3032650511023008
Somalia,2020,22.8783242,16.62799236,15.85452417,3.929862924,4.266896327,8.995283178,0.23880916999999968,-0.4620530760000001,-3.221161822000001,-0.7692429811475069,1.4883477281488653,-0.1103425115755068,0.35543108563061565
Somalia,2021,22.97287173,16.66456437,15.90380195,3.918005077,4.271095074,9.198279652,0.2880869500000003,-0.47391092300000004,-3.018165348,-0.8694940497010095,1.4303415258372965,-0.136527552378755,0.41206272763681334
Somalia,2022,23.04592482,16.69481564,15.94666311,3.910021003,4.352855257,9.275445566,0.3309481099999996,-0.48189499699999994,-2.940999434,-0.9733182041933686,1.4172529134244316,-0.15948223847560544,0.46903717308980863
Somalia,2023,23.11829492,16.72560956,15.98997235,3.937690752,4.382026635,9.416020048,0.3742573500000006,-0.4542252480000002,-2.800424952,-1.048079621409399,1.2720237183275886,-0.16999713761957314,0.4760642259584305
South Af,2019,26.68769323,17.90296286,17.50033372,4.454347296,4.480740108,14.40360662,1.8846187200000006,0.06243129599999975,2.1871616199999995,4.121965732717527,0.13654733449805895,0.11765918915546068,0.2573396627611438
South Af,2020,26.54623675,17.9191845,17.52397661,4.510859507,4.480740108,14.39252525,1.9082616099999985,0.118943507,2.17608025,4.152530401354199,0.25883061644843675,0.2269753281668661,0.49391652886118603
South Af,2021,26.76562994,17.93459007,17.54667506,4.50313746,4.48187197,14.37783318,1.9309600599999985,0.11122145999999944,2.1613881799999994,4.173554249736086,0.24039274900634153,0.21476419707488636,0.46418879704484983
South Af,2022,26.73188245,17.9487298,17.56798169,4.471638793,4.478472533,14.33132604,1.95226669,0.07972279300000018,2.11488104,4.128811807704558,0.16860422337154513,0.15564015320766553,0.32916040908158706
South Af,2023,26.66527559,17.96201081,17.58832051,4.485259889,4.574710979,14.32966571,1.9726055099999993,0.09334388899999979,2.1132207100000002,4.168550816392111,0.19725623938674078,0.1841306697662279,0.38910874469616374
South Su,2019,,16.1595624,14.54506199,2.054123734,2.681021529,8.527493476,-1.0706530099999991,-2.337792266,-3.688951524,3.9495870529146844,8.624002342456114,2.5029643263476187,-9.233314066197682
South Su,2020,,16.18561111,14.58607423,2.116255515,2.747270914,8.718375155,-1.0296407700000003,-2.275660485,-3.498069845,3.6017553287195816,7.960419320036574,2.343112814033974,-8.196372278205338
South Su,2021,,16.20112905,14.61706675,2.163323026,2.809402695,8.883455003,-0.9986482500000005,-2.228592974,-3.3329899970000003,3.328484627771557,7.427878089726482,2.2255804734473967,-7.417837455518698
South Su,2022,,16.21532925,14.64732169,2.240709689,2.772588722,8.956981598,-0.9683933099999997,-2.151206311,-3.2594634019999997,3.1564425526866393,7.0117782408559295,2.083213800002179,-6.790159139648449
South Su,2023,,16.2564109,14.70500629,1.85629799,3.000719815,9.125589577,-0.9107087099999998,-2.5356180100000003,-3.0908554230000007,2.814868955076834,7.837228676864971,2.3092094069398668,-7.137432418282702
Spain,2019,27.96998766,17.66852295,17.45241707,4.615120517,4.615120517,15.22419403,1.8367020699999994,0.2232045170000001,3.0077490299999994,5.524338869441489,0.6713431694983687,0.40996019840725023,1.233057389098014
Spain,2020,27.88549575,17.67340797,17.46033851,4.615120517,4.615120517,15.17762992,1.84462351,0.2232045170000001,2.961184919999999,5.462271320889467,0.6609498498162838,0.41172829959639484,1.219203631902086
Spain,2021,28.01030986,17.67446596,17.46443605,4.615120517,4.615120517,15.2134543,1.84872105,0.2232045170000001,2.9970093,5.540634179955766,0.6689460132510084,0.412642889032983,1.2366945760107182
Spain,2022,28.00016668,17.68168077,17.47470581,4.615120517,4.615120517,15.18319781,1.8589908099999999,0.2232045170000001,2.966752809999999,5.5151662093316745,0.6621926280144429,0.41493514585348895,1.2310100099285979
Spain,2023,28.11350327,17.69393357,17.49000426,4.615120517,4.615120517,15.22352171,1.8742892599999994,0.2232045170000001,3.0070767099999998,5.636131581549132,0.6711931046374994,0.41834982899658746,1.2580100274081207
Sri Lank,2019,25.21207049,16.89755818,15.21474311,4.613138356,4.615120517,11.29872665,-0.4009718899999992,0.22122235600000018,-0.9177183499999995,0.36797926128718056,-0.20301981553143264,-0.08870394619557274,0.08140523914108976
Sri Lank,2020,25.15769869,16.90286444,15.22691281,4.615120517,4.615120517,11.34293411,-0.3888021899999998,0.2232045170000001,-0.8735108900000004,0.3396229470208491,-0.1949715762966903,-0.08678240502749224,0.07580537585190525
Sri Lank,2021,25.20750294,16.91361894,15.24549232,4.615120517,4.615120517,11.40725726,-0.37022267999999947,0.2232045170000001,-0.8091877400000005,0.299579653725943,-0.18061435866902179,-0.08263537447184548,0.06686753191292638
Sri Lank,2022,25.02928672,16.91474667,15.25538313,4.615120517,4.615120517,11.32747398,-0.36033186999999955,0.2232045170000001,-0.8889710199999996,0.3203245900124069,-0.19842234714609736,-0.08042770100305673,0.07149789539694233
Sri Lank,2023,25.15832201,16.90823346,15.25854648,4.615120517,4.615120517,11.32277856,-0.3571685200000001,0.2232045170000001,-0.8936664400000005,0.3191895197484691,-0.19947038609930967,-0.0797216269942049,0.07124454258691904
Sudan,2019,24.19951129,17.63428114,16.58262878,4.070734697,4.421247348,12.18141936,0.9669137800000005,-0.32118130300000036,-0.035025640000000635,-0.03386677396931983,0.011249580693609137,-0.31055462774905584,0.010877374591872638
Sudan,2020,24.02038313,17.66116365,16.61854416,4.105943698,4.433194921,12.34773631,1.0028291599999992,-0.28597230200000023,0.13129130999999994,0.13166275412259942,-0.03754567815329563,-0.2867813633979263,-0.03765190088409978
Sudan,2021,24.25635408,17.68810487,16.65508369,4.139955073,4.445001434,12.3303521,1.0393686900000016,-0.25196092699999983,0.11390710000000048,0.11839147330869969,-0.028700138507881803,-0.2618802986271759,-0.029830025363755713
Sudan,2022,24.6680827,17.71512382,16.69224965,4.162003211,4.442651256,12.42000509,1.076534650000001,-0.22991278900000012,0.20356008999999986,0.21913949024211857,-0.046801068020991,-0.24750908383663922,-0.05038297138160379
Sudan,2023,25.41704657,17.72838904,16.71619298,4.204692619,4.477336814,12.183051,1.100477979999999,-0.1872233809999999,-0.03339399999999948,-0.0367493616641194,0.0062521375851139,-0.2060352081316501,0.006880339740348216
Suriname,2019,22.11356232,13.314254,12.90017687,4.594109239,4.607168189,10.27721183,-2.7155381300000005,0.20219323899999964,-1.9392331699999996,5.266061616095772,-0.39209983581853686,-0.5490634501327022,1.0647620549319767
Suriname,2020,21.79203986,13.32500703,12.91174851,4.599152114,4.609162207,10.31891182,-2.703966489999999,0.20723611399999964,-1.89753318,5.130866132383137,-0.3932374024092618,-0.5603595077738187,1.0633007587292889
Suriname,2021,21.85722056,13.33407706,12.92187622,4.603168183,4.610157727,10.33801933,-2.69383878,0.21125218300000004,-1.8784256700000004,5.060175915193484,-0.3968215233907378,-0.5690793229250568,1.0689732084486465
Suriname,2022,22.05605477,13.34256661,12.93169186,4.605170186,4.615120517,10.37462616,-2.684023139999999,0.21325418599999946,-1.8418188400000002,4.943484386247956,-0.39277557748366326,-0.5723791699258624,1.0542187387930149
Suriname,2023,21.96313063,13.35170687,12.94239904,4.611152258,4.615120517,10.47896614,-2.67331596,0.21923625799999957,-1.7374788599999995,4.6448299666006045,-0.380918363620505,-0.5860877875220766,1.0183151409237796
Sweden,2019,27.0002275,16.14560264,16.01444556,4.615120517,4.615120517,14.40533043,0.39873055999999885,0.2232045170000001,2.188885429999999,0.8727755132797379,0.4885691151714873,0.0889984620579393,0.19480743689103108
Sweden,2020,27.02432245,16.15282968,16.02473496,4.615120517,4.615120517,14.20102905,0.4090199600000002,0.2232045170000001,1.9845840500000005,0.8117344887476385,0.4429681243261542,0.0912951026151594,0.18118280449315868
Sweden,2021,27.18032886,16.15883559,16.0337031,4.615120517,4.615120517,14.49285649,0.41798810000000053,0.2232045170000001,2.276411489999999,0.9515129135232698,0.5081053271187004,0.09329683197224786,0.21238198028222433
Sweden,2022,27.08611413,16.16564142,16.04338342,4.615120517,4.615120517,14.39767862,0.4276684200000016,0.2232045170000001,2.1812336200000004,0.932844735916284,0.48686119661626187,0.09545752312225354,0.20821515871618684
Sweden,2023,27.09481012,16.1703686,16.05088669,4.615120517,4.615120517,14.50392732,0.4351716899999989,0.2232045170000001,2.2874823200000005,0.9954475470395184,0.5105763863816398,0.09713228687852353,0.22218838893579063
Switzerl,2019,27.30441679,15.96439432,15.66124672,4.615120517,4.615120517,12.66061429,0.04553171999999961,0.2232045170000001,0.4441692899999996,0.020223791744878608,0.09914059184068288,0.010162885570779157,0.004514041668324219
Switzerl,2020,27.33261428,15.97170108,15.6694467,4.615120517,4.615120517,12.63187966,0.05373170000000016,0.2232045170000001,0.41543465999999896,0.02232201052072201,0.09272689263035903,0.011993158146088942,0.004982373576746677
Switzerl,2021,27.42449963,15.97935609,15.678197,4.615120517,4.615120517,12.65227734,0.06248200000000104,0.2232045170000001,0.43583233999999926,0.027231676267880405,0.09727974694267966,0.013946264631194237,0.0060782331484726115
Switzerl,2022,27.43064949,15.98765536,15.68779277,4.615120517,4.615120517,12.5873187,0.07207776999999993,0.2232045170000001,0.37087370000000064,0.02673174924764902,0.08278068507650307,0.01608808383928708,0.005966647179386615
Switzerl,2023,27.50878614,16.00022319,15.70184418,4.615120517,4.615120517,12.47499379,0.08612918000000036,0.2232045170000001,0.258548789999999,0.022268595272692204,0.05770925779288423,0.01922442202150615,0.004970451052109749
Syria,2019,23.84046524,16.82876516,16.22766836,4.502029427,4.615120517,12.67653964,0.6119533599999993,0.11011342699999993,0.46009463999999944,0.28155646086598973,0.05066259755473119,0.0673842816337646,0.031003146799945498
Syria,2020,23.21214393,16.86238404,16.27314638,4.49980967,4.615120517,12.62764453,0.6574313800000002,0.10789367000000016,0.4111995299999993,0.27033547446325107,0.04436582639397509,0.07093268436136473,0.029167486471031477
Syria,2021,23.38723915,16.88953817,16.31193158,4.497584975,4.615120517,12.52069438,0.6962165799999998,0.1056689749999995,0.3042493799999999,0.21182346281072026,0.032149720128985336,0.07356849238660512,0.02238316819615932
Syria,2022,23.88547933,16.9273433,16.36116355,4.49980967,4.615120517,12.49084808,0.7454485500000008,0.10789367000000016,0.274403079999999,0.20455337810153348,0.02960635536050354,0.0804291798556787,0.022070014674272113
Syria,2023,,16.97652945,16.42156037,4.493120682,4.615120517,12.54990578,0.8058453700000019,0.10120468199999966,0.33346077999999935,0.2687178256395887,0.03374779219937178,0.08155532441202226,0.027195502091585933
Tajikist,2019,22.83961937,16.06995181,14.77199806,4.609162207,4.606169686,11.53825484,-0.8437169400000002,0.21724620699999964,-0.6781901599999998,0.5722005265333103,-0.14733423988472283,-0.1832943049966463,0.12430839403276432
Tajikist,2020,22.81931416,16.09270717,14.80194134,4.610157727,4.605170186,11.63647007,-0.813773659999999,0.21824172699999966,-0.5799749300000006,0.47196832149434365,-0.12657473033990405,-0.17759936894551032,0.10300318157221662
Tajikist,2021,22.91355591,16.11478106,14.83198177,4.611152258,4.604169686,11.59869626,-0.7837332299999993,0.21923625799999957,-0.6177487399999997,0.4841502153286295,-0.1354329221418146,-0.17182274061545286,0.10614328151854277
Tajikist,2022,23.09477282,16.13615391,14.86204503,4.615120517,4.605170186,11.75337392,-0.7536699699999989,0.2232045170000001,-0.46307108000000063,0.3490027669714676,-0.10335955674806854,-0.16822254163125433,0.07789899403353001
Tajikist,2023,23.21320994,16.15633511,14.89169215,4.615120517,4.615120517,11.92724098,-0.724022849999999,0.2232045170000001,-0.2892040199999997,0.20939031879185646,-0.06455164359855829,-0.1616051705312133,0.046736864970412365
Thailand,2019,27.02217224,18.08551946,17.4061174,4.614129927,4.614129927,14.4382336,1.7904023999999996,0.22221392699999942,2.2217886,3.977895641732639,0.4937123697698309,0.39785234821422366,0.8839438117455924
Thailand,2020,26.93879731,18.08718486,17.42223634,4.615120517,4.613138356,14.49718316,1.8065213400000015,0.2232045170000001,2.2807381600000003,4.120202156992338,0.5090710594062691,0.4032237231448933,0.9196477323938335
Thailand,2021,26.95030928,18.08838245,17.4375857,4.615120517,4.613138356,14.62233937,1.8218706999999998,0.2232045170000001,2.4058943700000004,4.38322845999796,0.5370064908088696,0.40664976962995203,0.9783563913144987
Thailand,2022,26.92912621,18.08849393,17.45151913,4.614129927,4.615120517,14.6745758,1.8358041300000014,0.22221392699999942,2.4581307999999993,4.512646674720206,0.54623089814765,0.40794124493011774,1.002772938753066
Thailand,2023,26.96737196,18.08803528,17.46456341,4.615120517,4.615120517,14.80828953,1.8488484100000004,0.2232045170000001,2.5918445299999995,4.791927638257698,0.5785114064577421,0.41267131636026827,1.0695798939962606
East Tim,2019,21.4325572,14.07860225,12.90570873,4.517431272,4.615120517,8.765461503,-2.710006269999999,0.12551527199999946,-3.450983497000001,9.352186914536526,-0.4331511322934644,-0.34014717410075385,1.1738422843728877
East Tim,2020,21.49458592,14.09771817,12.93680699,4.574710979,4.615120517,8.952209517,-2.6789080100000007,0.18279497899999964,-3.264235483,8.744586581934922,-0.5966858565660387,-0.48969093343088094,1.5984665206084725
East Tim,2021,22.0110897,14.11571885,12.96671024,4.615120517,4.615120517,8.779801717,-2.6490047600000004,0.2232045170000001,-3.4366432830000004,9.10368441508903,-0.7670743040833098,-0.5912698279865013,2.0319834827903756
East Tim,2022,21.88909867,14.1298073,12.99268512,4.6121458,4.615120517,8.496594599,-2.623029879999999,0.22022980000000025,-3.7198504010000004,9.75727875095298,-0.8192219098421508,-0.5776693458664244,2.1488435478666266
East Tim,2023,21.45559378,14.14069576,13.01541271,4.615120517,4.615120517,8.71225438,-2.60030229,0.2232045170000001,-3.504190620000001,9.111954893782523,-0.7821511748130311,-0.5803992166934442,2.033829490992515
Togo,2019,22.6681326,15.95122243,15.08960943,3.979681654,4.528289142,10.26749665,-0.5261055700000004,-0.412234346,-1.9489483500000002,1.0253525825773102,0.8034234484500291,0.21687878557590734,-0.4226855512981685
Togo,2020,22.72478424,15.97534717,15.1267152,4.009149716,4.553876892,10.43696949,-0.4889998000000002,-0.38276628400000057,-1.779475510000001,0.8701631684948988,0.6811232284317063,0.18717263632274356,-0.3330691224784588
Togo,2021,22.84459804,15.99912967,15.16345097,4.037774211,4.577798989,10.68101735,-0.45226403000000026,-0.3541417889999998,-1.5354276500000008,0.6944186967624303,0.5437590948510659,0.1601655926845497,-0.24592267958649544
Togo,2022,22.82367063,16.02265675,15.19987932,4.063885355,4.579852378,10.72441631,-0.41583567999999893,-0.3280306450000001,-1.4920286899999997,0.6204387648856575,0.48943113353920514,0.1364068463244133,-0.20352292822844564
Togo,2023,22.93934072,16.0459913,15.23608581,4.097672352,4.564348191,10.81265603,-0.3796291899999993,-0.29424364800000014,-1.4037889700000008,0.5329192696120336,0.413055987554963,0.11170347775288496,-0.1568081099801404
Trinidad,2019,23.89192817,14.12592185,13.49456673,4.615120517,4.615120517,12.00371929,-2.121148269999999,0.2232045170000001,-0.21272571000000084,0.45122277175102327,-0.04748133935403228,-0.4734498750907356,0.10071496082808845
Trinidad,2020,23.75858972,14.12792866,13.49708058,4.615120517,4.615120517,11.95367647,-2.1186344199999994,0.2232045170000001,-0.26276853000000067,0.5567104521508038,-0.058651122821450186,-0.47288877241567523,0.12426028758117184
Trinidad,2021,23.92179189,14.12853796,13.49864818,4.615120517,4.615120517,11.90169171,-2.11706682,0.2232045170000001,-0.3147532900000005,0.6663537467448388,-0.07025435606861108,-0.4725388770148261,0.14873316619332214
Trinidad,2022,24.12624317,14.12725529,13.49877173,4.615120517,4.615120517,11.91186453,-2.11694327,0.2232045170000001,-0.30458046999999944,0.6447795761399358,-0.0679837366939829,-0.47251130009675085,0.14391771386377916
Trinidad,2023,24.03279687,14.12850286,13.50187458,4.602165677,4.608165695,11.96430896,-2.113840419999999,0.2102496770000002,-0.2521360399999999,0.5329753526907363,-0.05301152097005911,-0.4444342655345445,0.1120578957521885
Tunisia,2019,24.45868632,16.28995281,15.92256362,4.615120517,4.615120517,13.01796871,0.30684862000000024,0.2232045170000001,0.8015237099999997,0.24594644431078028,0.17890371255459808,0.06848999801921662,0.05489635731025514
Tunisia,2020,24.4725765,16.29825303,15.93538758,4.614129927,4.615120517,13.02103099,0.31967258000000065,0.22221392699999942,0.8045859899999996,0.2572040792551546,0.17879021244708218,0.07103569935602162,0.05715432849170699
Tunisia,2021,24.56941162,16.30446094,15.94618475,4.614129927,4.615120517,13.06690828,0.3304697500000007,0.22221392699999942,0.8504632799999996,0.28105238752578043,0.18898478521809997,0.07343498090220821,0.06245375472482932
Tunisia,2022,24.5205458,16.31031267,15.95669022,4.615120517,4.615120517,13.13277152,0.3409752200000007,0.2232045170000001,0.9163265200000001,0.3124446367488351,0.20452821831089096,0.07610720928906893,0.06973905423476422
Tunisia,2023,24.60543966,16.31698192,15.96804839,4.615120517,4.615120517,13.22242792,0.3523333900000001,0.2232045170000001,1.0059829199999992,0.3544413724856986,0.22453993176884957,0.07864240413792269,0.07911291535048749
Turkmeni,2019,24.53508959,15.73301315,15.08000953,4.614129927,4.614129927,13.43490924,-0.5357054699999999,0.22221392699999942,1.2184642399999994,-0.6527379583673923,0.27075972367946965,-0.11904121620408036,-0.1450474650307804
Turkmeni,2020,24.54794286,15.7542397,15.11018759,4.615120517,4.615120517,13.50467517,-0.5055274099999991,0.2232045170000001,1.2882301700000003,-0.6512356613239587,0.2875387928796781,-0.11283600137931082,-0.14535874123898984
Turkmeni,2021,24.6354374,15.77448415,15.13956828,4.615120517,4.615120517,13.40353156,-0.47614671999999914,0.2232045170000001,1.1870865599999991,-0.5652273719000818,0.26496308226199144,-0.1062780986587341,-0.1261613025401372
Turkmeni,2022,24.80032859,15.79377643,15.16817574,4.615120517,4.615120517,13.3822275,-0.4475392599999992,0.2232045170000001,1.1657825000000006,-0.5217334373709493,0.26020791983955277,-0.0998927843668373,-0.11645325989113256
Turkmeni,2023,24.82803681,15.81217343,15.19604285,4.615120517,4.615120517,13.48597723,-0.41967215000000024,0.2232045170000001,1.2695322299999994,-0.5327873204583945,0.2833653282130829,-0.09367271953910165,-0.11892053652664024
Uganda,2019,24.28851204,17.57670226,16.16451568,3.744787086,4.273884476,10.51980853,0.5488006800000012,-0.647128914,-1.6966364699999996,-0.9311152484488013,1.0979425162838934,-0.3551447880508623,0.602551599537513
Uganda,2020,24.35027968,17.61003643,16.22190047,3.763522997,4.264087337,10.60231525,0.6061854700000016,-0.6283930030000002,-1.61412975,-0.978462001144735,1.0143078408341397,-0.38092270786826754,0.6148586752207297
Uganda,2021,24.42530307,17.64221379,16.2777984,3.832979798,4.294560609,10.78793039,0.6620833999999984,-0.5589362019999999,-1.4285146100000006,-0.9457958099384721,0.7984485306149115,-0.3700623810032459,0.5286395178745235
Uganda,2022,24.54241303,17.67228974,16.3313129,3.873282177,4.290459441,10.98385333,0.7155979000000006,-0.518633823,-1.2325916699999997,-0.8820400106094934,0.6392637300100543,-0.371133274607772,0.45745578274136217
Uganda,2023,24.6103598,17.70029806,16.38244717,3.96081317,4.348986781,11.1994261,0.7667321699999992,-0.43110282999999994,-1.0170189,-0.7797811081280122,0.43843972595348696,-0.3305404083390407,0.336165842494522
Ukraine,2019,25.75945872,17.62122725,17.25699526,4.615120517,4.615120517,13.94103588,1.6412802600000003,0.2232045170000001,1.7245908799999992,2.830536967920028,0.38493647439300493,0.36634116769493463,0.6317886367752346
Ukraine,2020,25.77707378,17.61503687,17.25274619,4.615120517,4.615120517,13.9599894,1.63703119,0.2232045170000001,1.7435443999999993,2.854236563949835,0.3891669856700548,0.3653927560778854,0.6370784936601628
Ukraine,2021,26.02041182,17.60646456,17.24631215,4.615120517,4.615120517,14.16718628,1.6305971500000016,0.2232045170000001,1.950741279999999,3.1808731715553535,0.4354142651943617,0.36395664928732707,0.7099852598952712
Ukraine,2022,25.81079748,17.53027136,17.17243862,4.615120517,4.615120517,12.78404595,1.5567236200000014,0.2232045170000001,0.5676009499999992,0.8835978055994386,0.12669109589349103,0.347467743704592,0.19722302142108267
Ukraine,2023,25.9092933,17.44604128,17.09072256,4.615120517,4.615120517,13.07867478,1.4750075599999999,0.2232045170000001,0.8622297799999998,1.2717954439571364,0.1924535815879163,0.32922835000114864,0.28387048779125335
United A,2019,26.75872268,16.06107927,15.91938895,4.615120517,4.615120517,14.33929426,0.3036739500000003,0.2232045170000001,2.1228492600000006,0.6446540200387778,0.4738295437421078,0.06778139733523225,0.1438896891748638
United A,2020,26.57969219,16.05633077,15.91762035,4.615120517,4.615120517,14.33976627,0.3019053500000002,0.2232045170000001,2.12332127,0.6410420511817949,0.4739348985061768,0.06738663782646602,0.14308348141072186
United A,2021,26.75197509,16.07468207,15.93885092,4.615120517,4.615120517,14.40709203,0.32313592000000035,0.2232045170000001,2.190647029999999,0.7078767434343181,0.48896231224863457,0.07212539694895075,0.15800128661378995
United A,2022,26.94332293,16.12556548,15.9925254,4.615120517,4.615120517,14.45378819,0.3768104000000001,0.2232045170000001,2.237343189999999,0.8430541823611758,0.4993851060871892,0.08410578333257686,0.18817350157875626
United A,2023,26.96574283,16.16533719,16.03498933,4.615120517,4.615120517,14.49110922,0.4192743299999986,0.2232045170000001,2.27466422,0.9537083168154694,0.507715328562282,0.09358392431814834,0.21287200421367994
United K,2019,28.67883373,18.01775732,17.83925247,4.615120517,4.615120517,14.91418968,2.223537470000002,0.2232045170000001,2.6977446799999996,5.998536380473164,0.6021487982887197,0.49630360702275267,1.3389004155104414
United K,2020,28.62307899,18.02141491,17.8459061,4.615120517,4.615120517,14.90054255,2.2301911000000008,0.2232045170000001,2.6840975500000006,5.9860504675418085,0.5991026972286337,0.4977887272931991,1.3361135033452942
United K,2021,28.77630165,18.02059553,17.84805003,4.615120517,4.615120517,14.91160292,2.2323350299999998,0.2232045170000001,2.6951579199999998,6.016495436197936,0.6015714217723248,0.49826726215333067,1.3429089578692652
United K,2022,28.76694283,18.03194002,17.86231353,4.615120517,4.614129927,14.88694057,2.2465985300000018,0.2232045170000001,2.67049557,5.999531421933517,0.5960666738524899,0.5014509397815606,1.3391225132589943
United K,2023,28.84914961,18.04015214,17.87341255,4.615120517,4.615120517,14.91563936,2.2576975500000014,0.2232045170000001,2.69919436,6.093964493545822,0.6024723734129244,0.5039282911798338,1.3602004013970452
United S,2019,30.70093195,19.60952962,19.41666063,4.615120517,4.615120517,17.62968953,3.8009456299999993,0.2232045170000001,5.41324453,20.5754481404249,1.2082606307215427,0.848388233487411,4.59253296424209
United S,2020,30.69226511,19.61921961,19.42883363,4.615120517,4.615120517,17.60750619,3.81311863,0.2232045170000001,5.3910611899999985,20.556755859058963,1.2033092090313955,0.8511053020728521,4.588360762608178
United S,2021,30.79570138,19.62079304,19.43293217,4.615120517,4.615120517,17.63534696,3.817217170000001,0.2232045170000001,5.4189019599999995,20.68512560425866,1.2095233946521537,0.8520201147139576,4.617013469582889
United S,2022,30.88938273,19.62446777,19.43914973,4.615120517,4.615120517,17.67913889,3.8234347300000007,0.2232045170000001,5.462693890000001,20.886253538384807,1.2192979512363018,0.853407902190676,4.661906132974724
United S,2023,30.95320087,19.62938702,19.44664137,4.615120517,4.615120517,17.71969855,3.8309263699999985,0.2232045170000001,5.50325355,21.082559145491107,1.228351050556286,0.8550800700784134,4.705722431193277
Uruguay,2019,24.85397971,15.03846418,14.99164515,4.614129927,4.614129927,12.17314051,-0.6240698499999997,0.22221392699999942,-0.043304490000000584,0.027025026578626852,-0.009622860779632335,-0.13867701209080052,0.006005337283316032
Uruguay,2020,24.70609462,15.03898271,14.99309575,4.615120517,4.615120517,12.20566428,-0.6226192499999996,0.2232045170000001,-0.010780719999999633,0.006712283800859768,-0.002406305400512159,-0.13897142897115222,0.001498212063737829
Uruguay,2021,24.83021066,15.03831375,14.99334768,4.615120517,4.615120517,12.19900429,-0.6223673200000004,0.2232045170000001,-0.017440710000000692,0.010854527941597638,-0.0038928452516872264,-0.13891519705718458,0.0024227796664673057
Uruguay,2022,24.97411093,15.03661006,14.99253284,4.615120517,4.615120517,12.22892905,-0.6231821599999989,0.2232045170000001,0.012484049999999414,-0.007779837244547621,0.0027864963504537206,-0.13909707302581653,-0.0017364948145078634
Uruguay,2023,25.07019405,15.03577454,14.99256427,4.615120517,4.615120517,12.29093813,-0.623150729999999,0.2232045170000001,0.07449313000000046,-0.04642044833948511,0.01662720310146832,-0.13909005770784724,-0.010361253750538231
Uzbekist,2019,24.93233156,17.31094791,16.6264235,4.615120517,4.615120517,13.2333808,1.0107085000000016,0.2232045170000001,1.0169358000000006,1.0278256570143023,0.22698466405900883,0.22559470257029496,0.2294153293340851
Uzbekist,2020,24.91961427,17.32963098,16.64476939,4.615120517,4.615120517,13.30123472,1.0290543900000007,0.2232045170000001,1.0847897199999998,1.1163076235928713,0.24212996549916532,0.22968958808667989,0.24916490394746477
Uzbekist,2021,25.0714779,17.34901308,16.66436969,4.614129927,4.615120517,13.47825634,1.048654690000001,0.22221392699999942,1.2618113399999995,1.3232043795861854,0.28039205299453135,0.23302567673186728,0.29403444141144414
Uzbekist,2022,25.22414079,17.36911298,16.68524267,4.615120517,4.615120517,13.52106592,1.0695276700000012,0.2232045170000001,1.3046209199999996,1.3953281728008575,0.29119728231669567,0.23872340700048575,0.31144355086650805
Uzbekist,2023,25.34422836,17.38932444,16.7067611,4.615120517,4.615120517,13.59724626,1.0910461000000016,0.2232045170000001,1.3808012600000001,1.5065178295980883,0.30820107831129157,0.24352641777523415,0.33626158450732974
Vanuatu,2019,20.65768813,12.58446113,11.21381837,4.182050143,4.559126247,5.051396056,-4.4018966299999995,-0.2098658570000005,-7.1650489440000005,31.539804800378658,1.5036991370795085,0.9238078086803639,-6.619128164044196
Vanuatu,2020,20.62831874,12.60772717,11.24223161,4.223909767,4.572646994,4.970414675,-4.3734833900000005,-0.16800623299999984,-7.246030325,31.690393269823808,1.2173782591070146,0.7347724694419693,-5.324183595551646
Vanuatu,2021,20.6723872,12.63091218,11.27087938,4.262679877,4.584967479,5.141580477,-4.34483562,-0.1292361230000001,-7.0748645230000005,30.739123386204707,0.914328061702765,0.5615097106011016,-3.9726051308517305
Vanuatu,2022,20.74524188,12.65410862,11.29994262,4.284964922,4.584967479,5.212460192,-4.31577238,-0.10695107799999981,-7.003984808,30.227604184306006,0.7490837255112217,0.46157650844362486,-3.2328748528688322
Vanuatu,2023,20.84221562,12.6773567,11.32936314,4.136765278,4.483002552,5.202166227,-4.28635186,-0.2551507219999998,-7.014278773,30.065666865207067,1.7896982932402226,1.093665771825042,-7.6712766080690535
Venezuel,2019,,17.18066959,17.0555598,4.613138356,4.615120517,15.11666388,1.4398448000000013,0.22122235600000018,2.9002188800000006,4.175865073229828,0.6415932535492819,0.31852585893034935,0.9237947098380159
Venezuel,2020,,17.16345054,17.03878263,4.614129927,4.615120517,14.80522832,1.4230676300000002,0.22221392699999942,2.588783319999999,3.6840137437759313,0.575263707689296,0.31622544644888223,0.8186391611264193
Venezuel,2021,,17.15617302,17.03202604,4.615120517,4.615120517,14.8798445,1.4163110400000019,0.2232045170000001,2.6633995000000006,3.7722021157804857,0.5944827989755419,0.31612702160496825,0.8419725512791618
Venezuel,2022,,17.15529406,17.03174694,4.615120517,4.615120517,14.80475394,1.4160319400000017,0.2232045170000001,2.5883089399999992,3.6651281296275466,0.577722246799482,0.3160647252242735,0.8180731539166303
Venezuel,2023,,17.15840257,17.03553412,4.615120517,4.615120517,14.82592458,1.4198191200000014,0.2232045170000001,2.6094795800000004,3.704989000933574,0.5824476292752632,0.3169100409069655,0.8269702804436913
Vietnam,2019,26.53549986,18.39201145,17.38765427,4.609162207,4.615120517,14.69189846,1.771939269999999,0.21724620699999964,2.4754534600000007,4.386353196831373,0.5377828747900255,0.384947085441848,0.9529185945739386
Vietnam,2020,26.57148262,18.40128579,17.41618076,4.613138356,4.614129927,14.49363306,1.8004657599999998,0.22122235600000018,2.2771880600000003,4.099999131110826,0.5037649076882699,0.39830327732453086,0.9070114673822905
Vietnam,2021,26.62719547,18.40997463,17.44375809,4.615120517,4.615120517,14.62339926,1.8280430899999995,0.2232045170000001,2.406954259999999,4.400016102939061,0.5372430630443925,0.4080274749586376,0.9821034690487358
Vietnam,2022,26.740213,18.41748219,17.46985561,4.615120517,4.615120517,14.20088222,1.85414061,0.2232045170000001,1.9844372200000002,3.6794256375975047,0.442935351206923,0.41385255930513554,0.8212644222773684
Vietnam,2023,26.78639262,18.42419649,17.49482052,4.613138356,4.615120517,14.36312194,1.8791055200000013,0.22122235600000018,2.146676939999999,4.0338324876107094,0.4748929302376708,0.41570015030700574,0.8923739266185827
Yemen,2019,,17.37403668,16.38713574,4.301358732,4.544358047,12.17353364,0.7714207400000017,-0.09055726800000041,-0.04291135999999973,-0.033102713085606264,0.0038859355277644733,-0.0698577546929388,0.0029976912604203674
Yemen,2020,,17.40276872,16.43276076,4.316153891,4.544358047,12.23485012,0.817045760000001,-0.07576210900000024,0.018405120000000608,0.015037825258291714,-0.0013944107075981305,-0.06190110992710811,-0.0011392973563416535
Yemen,2021,,17.43021133,16.47689352,4.329416684,4.544358047,12.37095248,0.8611785200000011,-0.06249931600000025,0.15450747999999948,0.1330585229553293,-0.009656611816883686,-0.0538230684538926,-0.008316066672678413
Yemen,2022,,17.45894477,16.52214522,4.343805422,4.575741375,12.26065656,0.906430219999999,-0.04811057800000018,0.04421155999999904,0.040074694057342285,-0.0021270437058816417,-0.04360888180086728,-0.0019280166942719098
Yemen,2023,,17.48904284,16.56851819,4.437934267,4.575741375,12.11045505,0.9528031899999991,0.046018267,-0.10598994999999967,-0.10098756246794009,-0.004877473818416635,0.04384635159587169,-0.004647272613328846
Zambia,2019,23.87209114,16.73402912,15.91468365,3.784189634,4.388257184,11.67926974,0.29896865000000084,-0.6077263660000001,-0.5371752599999997,-0.16059856229559935,0.32645556866490505,-0.18169113121242644,0.09759998064872924
Zambia,2020,23.62126206,16.76307077,15.95628447,3.819907717,4.42604352,11.67943471,0.34056947000000015,-0.5720082830000002,-0.5370102899999996,-0.18288930984984622,0.3071743339362319,-0.19480855777692016,0.10461420010626557
Zambia,2021,23.8186813,16.79122419,15.99697414,3.864931398,4.462453884,11.75544888,0.38125914000000094,-0.5269846020000002,-0.4609961200000008,-0.17575898425453754,0.24293785682174474,-0.20091769615176286,0.09262227836530176
Zambia,2022,24.09619344,16.81886069,16.03712277,3.887730313,4.477336814,11.70256329,0.42140777000000007,-0.5041856870000001,-0.5138817099999997,-0.21655374545488662,0.25909180299308465,-0.21246776602458806,0.10918329892459515
Zambia,2023,24.04028261,16.84680137,16.07752883,3.953164949,4.509760001,11.90492786,0.46181382999999876,-0.4387510510000001,-0.3115171399999994,-0.14386292353404553,0.13667847257951393,-0.20262130327883485,0.06312000890049514
Zimbabwe,2019,23.97043403,16.54149033,15.40859732,3.864931398,4.458987676,10.9333098,-0.20711767999999964,-0.5269846020000002,-1.2831352000000003,0.2657599857503356,0.6761924926841908,0.10914782816196321,-0.1400514203181663
Zimbabwe,2020,24.01419946,16.55808385,15.42618371,3.983413002,4.462453884,10.92646884,-0.18953128999999969,-0.40850299800000034,-1.2899761600000001,0.24449084567404603,0.5269591287085281,0.07742410017980736,-0.09987524344140322
Zimbabwe,2021,24.02797123,16.57534396,15.44533406,3.912023005,4.457829598,11.09622964,-0.17038093999999937,-0.47989299500000016,-1.1202153599999995,0.19086334603923763,0.5375835041554031,0.08176461958751502,-0.09159398276649115
Zimbabwe,2022,24.21338186,16.59240606,15.46524015,3.933784497,4.49980967,11.16929179,-0.15047485000000016,-0.45813150300000016,-1.0471532099999994,0.15757022220176858,0.47973387396857453,0.06893726919419965,-0.07218788272534024
Zimbabwe,2023,24.28520266,16.60917701,15.48576997,4.143134726,4.442651256,11.39560201,-0.12994503000000002,-0.24878127399999972,-0.8208429900000009,0.10666446696083984,0.20421036480616928,0.03232789011336819,-0.026536121981048613
